child_id,age_scaled,mean_daily_use_minutes,mean_daily_session_count,median_session_duration,mean_daily_app_openings,post_bedtime_use_ratio,school_use_ratio,games_share,social_share,entertainment_share,education_share,synthetic_pmu_severity
1,1.5,146.0657909698779,18.857142857142858,6.033909815376444,50.57142857142857,0.07430057508015966,0.04639544534377569,0.050055702592225894,0.07960197492363429,0.5361317015865592,0.04769190714821576,2.650279717306041
2,0.0,163.0692246904535,26.0,3.5507923729418085,63.285714285714285,0.1253221761270835,0.060557645854463826,0.23090171229864256,0.00019644241370757483,0.3972978208089515,0.32741134022322316,3.2044247065815554
3,-1.5,189.9869557507889,45.285714285714285,2.4857912994398097,111.0,0.14271140821732578,0.023230383121944295,0.06362984392600195,0.061655999625628705,0.0004067291030145721,0.4584001698308382,1.6621490987513963
4,0.0,184.06725907327987,43.57142857142857,2.1124618385992084,104.71428571428571,0.20248244982427435,0.09099663652537504,0.21506623151774887,0.10675200029553308,0.1778279421390039,0.17053308533519482,3.2783991679855453
5,-0.5,259.8363747795277,21.857142857142858,7.9630768101254255,50.857142857142854,0.03779308548193991,0.04517713951358135,0.043819554895621615,0.29818553775442486,0.22636907346616839,0.20000792296326383,3.136913659958057
6,1.0,239.35676386137817,33.0,4.062281774924068,76.71428571428571,0.08020177756612937,0.0896821983644178,0.1612984126974975,0.005980906887118597,0.43352758366747457,0.36851183131062015,2.7907365959209525
7,0.0,169.9574627855715,14.714285714285714,6.445771608451524,35.285714285714285,0.07073244084610127,0.02694922773608264,0.10884051360061418,0.3584463001265706,0.05457677461149215,0.3074443137342768,2.811714887057536
8,1.0,152.09722413397114,18.571428571428573,4.818438445993854,38.285714285714285,0.16153765122803476,0.038752265252540816,0.05939801830378284,0.0315718150565669,0.36336886033784493,0.4885256592615255,1.851198345370436
9,-1.0,160.3548872412395,32.714285714285715,2.6870485952979513,60.57142857142857,0.07204391777606099,0.06482978485487986,0.2188844912157194,0.10436861321224074,0.4588305753883655,0.17725522794015727,2.8300057098439604
10,1.0,200.45019836916063,25.285714285714285,5.251391479679859,60.0,0.14464548303904337,0.14198224184488656,0.16332822508065956,0.1301625760239975,0.09692076698635675,0.34183102831707735,4.021444477493732
11,-1.0,266.76686402812066,27.857142857142858,5.935697596430271,71.42857142857143,0.15023331558563133,0.0499911080286194,0.15656716006260266,0.31084223477639134,0.08973731295664894,0.27233848501040525,4.377818190434995
12,1.5,305.3571931064924,40.285714285714285,4.086544489649933,117.71428571428571,0.17200272489395407,0.017285150183403503,0.49467938863025657,0.07675465332847184,0.10065369398214437,0.20698678975602275,2.0278373828476126
13,0.5,157.13424430456894,13.142857142857142,6.9537050460008505,27.142857142857142,0.06450509099608175,0.1432587513714576,0.24305132373274607,0.2798353870731494,0.3218369777559362,0.13019207166457406,2.7571299150615065
14,1.0,193.2443080819133,30.285714285714285,4.222128793209583,75.71428571428571,0.1671352970994349,0.04132868791758183,0.5668614516525433,0.010063029261980772,0.16140670215688652,0.1281604500482935,3.63962122280232
15,0.5,249.6566556019154,33.142857142857146,5.517408524007086,75.42857142857143,0.17308017797048736,0.08947975662616417,0.5098646236606975,0.08214729343179884,0.08845535370251496,0.04630157581652034,4.198562493535622
16,-1.0,142.43644233950099,15.857142857142858,6.872790089426485,26.0,0.11906114807042217,0.03165390266505163,0.24876461380758697,0.07696554022772505,0.33983068751526146,0.11450950570795454,1.8933253709977442
17,-1.5,181.8666155174993,30.571428571428573,3.7730338461457382,58.142857142857146,0.11842067424385948,0.050713435942827435,0.1239743624421379,0.14802715262230579,0.12276319542098882,0.37222914948074937,4.169051188431533
18,-1.5,153.16218830970152,13.857142857142858,6.39817578646225,30.142857142857142,0.12894430846068725,0.10254759582765198,0.02953059752022449,0.06689905292034241,0.7189806729493179,0.10173277104310577,1.3660794324361705
19,0.0,158.7922113441886,17.714285714285715,4.85984449575022,37.857142857142854,0.040489372181527546,0.08155089486257797,0.04782841404236938,0.27476145532244645,0.21152779809741717,0.28845665887557553,1.5191619829758032
20,0.5,203.01081321504302,17.285714285714285,6.3585696712308994,41.42857142857143,0.11391492279611659,0.11956880662898388,0.27373830147047507,0.21150860737923718,0.06040941107231597,0.05105474526130683,3.9178921953419836
21,1.5,162.49953411231667,13.714285714285714,6.841005312310777,28.857142857142858,0.09692792141720748,0.11508695396364972,0.0211653466075095,0.5050365376597399,0.1278867559470832,0.09150748777546219,1.9657946435742515
22,-1.0,151.57971621716507,18.142857142857142,3.52904553730885,46.714285714285715,0.08506089576607738,0.023944893529663284,0.08608923285103742,0.3700554481224627,0.05817665658504726,0.11172623494143219,4.134827644546446
23,-1.0,174.0361200705265,33.285714285714285,3.487261414452145,81.71428571428571,0.0543121661740128,0.0990724259177083,0.28738355812981126,0.23551368824567925,0.004635280495290786,0.15021946895173077,3.3182601020588445
24,-1.5,140.24202583210155,18.285714285714285,4.41583048380925,33.42857142857143,0.0752733979682814,0.06983506108592534,0.0,0.2742837651375337,0.19017308249998732,0.4228056636965139,2.2931441837702033
25,0.0,191.93027917042951,29.571428571428573,4.3720612809119155,66.28571428571429,0.1402943622353062,0.06193945950846995,0.30120696352275467,0.12809183238812966,0.23609765034720023,0.07473204887427796,3.477659324060746
26,1.0,184.26829447968197,23.428571428571427,4.855906897267845,62.714285714285715,0.11119408388810212,0.036309449895426824,0.05915789216156067,0.1667938977341286,0.42078894257096366,0.22583180523658766,2.6446270596545283
27,-1.5,215.11376304510054,28.285714285714285,4.95765609929498,70.14285714285714,0.18640918543448262,0.05452027356599248,0.10921190016110335,0.15131027655068094,0.5664170977331418,0.07419629545870686,2.8878392464724314
28,-0.5,130.64083838755292,23.571428571428573,3.372999434872984,51.57142857142857,0.09681963244385716,0.1292914047498832,0.2955533750590403,0.14313836868829666,0.08690765766789706,0.4180667221144688,2.3994396250413836
29,-1.0,181.3930104782681,18.857142857142858,7.0691101130594305,43.285714285714285,0.08725388305666697,0.09626939517654858,0.10028353056744647,0.565455764835925,0.047641404002422984,0.22913247042093252,3.68034091234267
30,-1.0,149.38315327795448,19.428571428571427,3.6664622268866562,40.857142857142854,0.13874743964501465,0.10596608978573688,0.1726004360962576,0.18474899169430412,0.23657889123689654,0.24055050992150118,2.496093742691711
31,-1.5,177.9078452599476,19.0,5.460479871791215,32.857142857142854,0.07662928821072137,0.11499083446602143,0.10612813527349868,0.23430437525859205,0.47974557817931834,0.05488840980993057,3.963555500455951
32,-1.5,188.23677638992663,20.142857142857142,5.898682541572143,46.57142857142857,0.13134262691771606,0.1093987550617828,0.5492048440286561,0.08263145859404923,0.08711564281639221,0.12726719870782585,3.6176797754062875
33,-1.5,149.7434654017705,20.571428571428573,4.576621685056729,43.857142857142854,0.10491885882502416,0.06766514300869804,0.3892890561460092,0.0898149574893878,0.2054082315886186,0.2952779819331051,3.0209142919303487
34,1.5,133.27379695372193,14.0,3.733352860556243,36.857142857142854,0.07169481483898847,0.0070703549679848945,0.11732814179445841,0.13190044937922626,0.10983651404503496,0.464709792674785,2.930886292805633
35,0.0,173.5385808207263,17.428571428571427,5.764598797669344,38.714285714285715,0.08607457087582916,0.03557028801097752,0.11153977466158527,0.0010050703077103445,0.37885143807225796,0.11896824412454222,3.1877284362728995
36,1.5,97.72069612056633,35.57142857142857,2.0380642763571837,65.71428571428571,0.10155375123168327,0.024138719756174473,0.44444952299680357,0.08377183482086605,0.373705836895814,0.03277641245581994,1.8327560145486546
37,1.0,142.60008439591147,17.571428571428573,5.5463161794990805,36.857142857142854,0.06165498173996984,0.12365186951805048,0.2599453150317637,0.022592925378018627,0.48352352772457874,0.20449701830795972,2.503039576284757
38,-0.5,163.6167708149359,31.857142857142858,2.7567731246470872,75.71428571428571,0.09490142067016347,0.09090863202884346,0.273168077818527,0.1120936651557876,0.15602273076951698,0.22780330496644607,3.0036562745527413
39,-0.5,142.23781822448677,19.857142857142858,4.122196674148449,36.57142857142857,0.04767341762333569,0.045334176106021404,0.041007047325224984,0.03481403099688417,0.1643953443168734,0.32854197889566406,1.7126728045270228
40,1.0,124.82266337942686,24.571428571428573,3.4196795388290804,49.285714285714285,0.12977979575875817,0.033531638513208444,0.15263715643650344,0.44661795394523224,0.02538578645121122,0.1513420881548187,3.396748280401729
41,-1.0,150.57881500549811,33.0,2.7185913653449396,61.857142857142854,0.13759399755881221,0.10696244082256609,0.21915257807184593,0.5251488546319233,0.13664788519733548,0.08124565374123281,2.300251420440932
42,1.5,191.49339191685937,27.285714285714285,4.101366267951221,57.142857142857146,0.13738702543341358,0.03722070877991037,0.1582298099085857,0.16416813805363523,0.27616815407797607,0.08841931788679319,3.0580980547272674
43,1.0,121.69805086946461,23.571428571428573,3.1867385821436742,47.57142857142857,0.12251705590456585,0.07579709224260904,0.14802582619608393,0.0032090163008353326,0.27344061283416565,0.4811512916201302,2.0760933160402395
44,0.5,168.20751120553481,22.714285714285715,4.036863863084318,54.285714285714285,0.11755169121696357,0.06180011726698264,0.2775937500246183,0.07001157864280913,0.28968646097295475,0.23427284701038223,4.069567861364138
45,1.0,170.49623517436615,22.857142857142858,4.221561596191392,42.142857142857146,0.09650549241259444,0.039670568193249184,0.02951998477207186,0.3439085648816784,0.0909234078454508,0.2755788307874969,3.4490873591895657
46,-1.0,167.71574556825547,25.714285714285715,3.5848451452305157,54.714285714285715,0.10658254900079923,0.06871858252946104,0.00014017865693925506,0.4946637830668936,0.05951205887798086,0.43222939301291735,1.7678643420663178
47,0.0,246.34427535109674,21.285714285714285,5.499683786480168,53.857142857142854,0.1551062755764939,0.05437943243401708,0.18910117226173181,0.12102553146883693,0.4842474102381684,0.14793518026264907,2.273039876612927
48,-1.0,130.00651077071714,17.428571428571427,5.8299055268643,38.285714285714285,0.10926022840036803,0.0,0.010010594896416638,0.26271304049792243,0.07478066885215072,0.39203460899263814,2.274627558343492
49,-1.0,200.7579852969006,22.428571428571427,5.259155980180435,48.714285714285715,0.08426660441277994,0.06010949549300865,0.28944424642785554,0.06968632094050355,0.07881799509235782,0.4496608172795267,4.178046466291997
50,-0.5,182.23827690356475,15.714285714285714,6.89350034268246,35.42857142857143,0.054073027626199754,0.03772476412255522,0.03435560859558893,0.448721582023041,0.13953821208507464,0.29624077578216834,2.859346867873162
51,0.0,180.98625791157824,28.428571428571427,4.196530766351298,54.142857142857146,0.031391848141394244,0.06551940553091666,0.062017869658293805,0.11623768045794196,0.528099050649227,0.20410454984135298,3.2540324644682825
52,-0.5,173.76167188435153,18.0,5.965437732602769,40.857142857142854,0.06427346228795032,0.033830764275850744,0.1138349112585561,0.19239490953055702,0.011633324847903394,0.3045377197987539,3.0483531965791677
53,-0.5,152.55645018749874,30.428571428571427,3.1238032399660214,59.57142857142857,0.14381770516757647,0.05108290396701039,0.4080440893022431,0.09197777016742131,0.0648629549813395,0.24118218710608533,4.02100994281527
54,1.5,93.61700861217363,20.714285714285715,2.8504497494356373,43.714285714285715,0.06902025982196924,0.01910823612712951,0.37939486993268207,0.2017151942538414,0.11429942393632889,0.1709083083697913,1.7269310008714154
55,-1.0,128.18409443503822,16.285714285714285,4.839126462191064,39.0,0.10815616405702869,0.008356563491263472,0.0070327508433475905,0.5567887634137055,0.1502260591356735,0.16110711771180866,2.623304489273816
56,-0.5,147.061924731937,23.571428571428573,3.606631287352291,49.285714285714285,0.08189052873785158,0.04781752995400372,0.19385592405658478,0.07694501025234507,0.3598847252935711,0.002005643433634415,3.227823911150189
57,-1.5,144.2264870344015,21.714285714285715,4.743720650555497,44.857142857142854,0.08055012168826058,0.048142276063534224,0.1548648493156963,0.2909179803757456,0.33313296725588076,0.06912745979935583,2.416443952716384
58,-1.0,202.59668842520728,11.285714285714286,12.577887709757912,33.142857142857146,0.05903440891965341,0.0807646937174367,0.1671273848054495,0.12137278266460731,0.031538014611158315,0.5662293889619551,2.900065442879521
59,1.5,145.05470614996145,33.0,2.464487701604526,63.57142857142857,0.08283372667403432,0.046644891448627414,0.4925484805748473,0.09635594707378972,0.1972269654580055,0.08277765661705681,3.9504119545189624
60,-1.0,149.54911581401078,32.714285714285715,2.9347695568286656,56.142857142857146,0.15226875240400758,0.06495192505252312,0.4650397859625147,0.042897713374905916,0.32112189494873283,0.08567177821120402,4.003462712370304
61,0.5,146.73898275581482,18.428571428571427,5.5937759362586705,37.285714285714285,0.09939453785304216,0.07175001610629576,0.15466208021987324,0.2253441697087448,0.4626958828213007,0.09318977130278841,1.3906005391281822
62,-1.5,219.84360269930022,23.0,5.256008983047874,51.714285714285715,0.14733615889468318,0.06276350443641984,0.0029094008877152467,0.5349691501886962,0.1322157450910303,0.032358764587814434,4.588054207858315
63,-0.5,252.87901276020395,24.428571428571427,6.006435748056884,64.71428571428571,0.17166608968464206,0.05634212684381515,0.35211207021889734,0.07909691060125963,0.04541299220818065,0.015455508268512285,1.82747600968379
64,1.5,172.21807874981909,34.857142857142854,3.5131116910055447,65.0,0.07867077383787237,0.05068151351649023,0.24711360327726997,0.19038865540709876,0.3042337549169343,0.18634555785813303,1.8121861308968723
65,0.5,146.07204474701075,13.714285714285714,6.9679330148348715,34.0,0.15706931071037436,0.026637671578326277,0.05608875679955617,0.04192344414824252,0.5334169262553042,0.25905996668885006,3.3887763303281497
66,-1.5,222.15722082130975,31.428571428571427,4.298669314996154,74.57142857142857,0.22650158719676172,0.07381663632157606,0.1876274230722066,0.023200450739351473,0.03344038960008691,0.4430316332984948,4.6571958804655615
67,0.5,187.63830968053838,30.0,3.813548736535907,59.42857142857143,0.10442399055011538,0.040556470205675134,0.25058899668859813,0.3741406599165701,0.14504914930981663,0.13257634305766586,3.298071293043925
68,-1.5,172.82573533441044,18.571428571428573,5.702608120675891,41.57142857142857,0.1645913584517014,0.09825014680476293,0.047873606211869375,0.07721948094451855,0.06454537838357213,0.5297599052488267,3.4824539011758278
69,1.5,200.64323772977477,28.857142857142858,3.755254104159195,69.14285714285714,0.09450771416825429,0.04162517500102414,0.14811037343625633,0.09623174567218676,0.25306201902953207,0.04153186563112621,4.146685284663586
70,-1.5,96.59160752706241,21.714285714285715,2.6060827586163704,41.57142857142857,0.09604659302164333,0.07594325603988647,0.2127028463299871,0.054408493161116706,0.2695986979700678,0.03649449233453554,2.280573926041435
71,1.5,205.2113667882074,32.285714285714285,3.1675550665237866,92.71428571428571,0.08519495713392053,0.04948023227177222,0.06036836824987356,0.27585639363192643,0.3047476564295132,0.08909088158765713,2.2606249730129857
72,0.0,217.9763472448622,41.0,3.65166121562148,92.0,0.12439140747925467,0.03367140827425947,0.04371150633380215,0.3049425974363318,0.07772436083018931,0.05096823870246933,4.3276763896389525
73,0.0,111.12576955060028,26.0,3.0068077283411445,47.857142857142854,0.11097623700594694,0.04427780901150538,0.21705874524288313,0.13532413659626907,0.19907269523687707,0.18228250397958567,1.5649453825377613
74,1.0,224.4145101395703,15.571428571428571,8.264531293658989,34.857142857142854,0.08475774622869091,0.12770183395535237,0.09361300216903848,0.30427141714331923,0.3447919291347239,0.22596922123413257,3.1654812266926347
75,-0.5,172.88498579119656,19.857142857142858,5.060866164017726,45.285714285714285,0.17666568242739164,0.03867671068653828,0.040372703374590535,0.33941690934994284,0.022673315358097395,0.31408101821000833,1.4026732337660734
76,-1.5,193.48211970299616,30.714285714285715,4.06537187175013,65.42857142857143,0.1476835673241431,0.09865410339587051,0.0859297386881834,0.47468687116869085,0.03277285232689785,0.025092133731633624,3.273531007818322
77,0.5,158.08485346953717,17.571428571428573,5.731694971938318,43.142857142857146,0.12037675445410628,0.032918378169318474,0.12859850033981907,0.2865745721237653,0.048446953471201454,0.17483269273013238,3.850412973232533
78,1.0,112.06616240373747,13.571428571428571,5.898481477721292,22.714285714285715,0.13936473540089225,0.13333342037368018,0.3970037849879814,0.42528749795523424,0.04841188807751197,0.12929682897927253,3.445099456879874
79,0.0,222.92163644085454,15.857142857142858,7.598750467961431,36.714285714285715,0.10752579918181411,0.02434801620714066,0.05596711383224765,0.15787570319603317,0.3555211969809492,0.40360328846728555,3.3456590721146053
80,-1.0,169.70254613605985,20.285714285714285,4.255384986555516,47.42857142857143,0.24232426874210963,0.054685091666722356,0.26779941679328334,0.0791843871866752,0.17589457597470498,0.18964783957465783,4.049844956821211
81,0.5,106.35460246797398,14.285714285714286,4.9692850523245,28.142857142857142,0.06816479747579632,0.05309390278023195,0.4067591899109404,0.044928624139328584,0.1873674389636273,0.1706672233135079,2.2789322691741924
82,0.0,115.70020647851587,21.857142857142858,3.013459227221431,39.714285714285715,0.11256424725174,0.03378279791227681,0.5957443737661939,0.22019958509587484,0.08586593950525866,0.0015693223073930255,2.4284335482681376
83,-0.5,172.36019169158178,26.714285714285715,3.906331358391928,54.285714285714285,0.20441405824296596,0.055399987288764656,0.0029868316942358144,0.09637398382335549,0.4251517478125667,0.2358106627791488,3.190216665538894
84,1.5,129.4333666796255,26.857142857142858,3.4456518366434827,58.42857142857143,0.1414696506546009,0.009513640810557073,0.01657702013746596,0.45192758943825395,0.3061092696617256,0.1473944741927524,2.8222387270058706
85,0.0,108.37850946095674,16.428571428571427,4.721617110398804,30.571428571428573,0.10923613381441162,0.028145444386278445,0.5182488169047001,0.21416269022910833,0.05118805865117991,0.20201292685894753,1.8540435589782125
86,-0.5,164.16485717863796,16.285714285714285,5.659536163280119,45.57142857142857,0.18598553882359034,0.038106390101127714,0.03194551950429397,0.3276854659981689,0.06041929832505355,0.1727364673367475,3.3416422373963854
87,-0.5,194.44472981451983,24.857142857142858,4.8762846894779415,52.142857142857146,0.11440779674390285,0.02200921790282554,0.5171191421502214,0.32449964721378866,0.051937889581361675,0.09586017468213122,2.481977517369672
88,-0.5,197.7869986582189,28.571428571428573,4.5805193113442915,69.14285714285714,0.0994077717769673,0.0610762410828033,0.11694168295711235,0.01198111656337603,0.5651793252112476,0.18076563900367026,3.971033488060016
89,-0.5,191.68518937397045,26.285714285714285,4.481714383022915,64.28571428571429,0.08543839010916131,0.048531405806697916,0.22891039514537204,0.17416655168603426,0.29090897809648925,0.23445458923075543,4.113454008041266
90,-0.5,164.11229926595016,23.571428571428573,4.430478789387868,51.42857142857143,0.20473609292178938,0.08181412053287904,0.1170540345126264,0.08140238949834105,0.14156739925016198,0.11930376490449264,3.1791896042053285
91,1.5,136.91030008882996,30.714285714285715,2.767439806663204,62.285714285714285,0.09996674095643744,0.008546842921780642,0.026434022962216065,0.5031935158878815,0.02062317077947056,0.09234217577249043,3.198077565095527
92,-1.5,97.73644544181282,16.571428571428573,3.4327004778639774,26.714285714285715,0.11674653449762461,0.0567536199804698,0.03812071436232786,0.46466049352266203,0.2641534695371579,0.11460531360168173,1.8047461434450764
93,-1.5,107.9504089416007,26.714285714285715,2.7316775460464275,50.42857142857143,0.14709717971555666,0.1434755035857105,0.5356265070247171,0.22561693421596676,0.10155604286075666,0.12239266957038533,3.8511494986533266
94,0.0,219.80726823274216,26.428571428571427,5.494390218679838,72.0,0.13020862830085334,0.06281737766501887,0.07919391979076955,0.07424021593274396,0.04661573183090762,0.5403161996898562,1.3827884547201215
95,-1.5,170.4602815551944,21.0,5.45849408730156,47.0,0.047389112534256664,0.05318331911140775,0.16561036378933544,0.12088282653061773,0.11001024161802049,0.5195947924866751,3.554374949634722
96,1.5,247.43491493497237,15.857142857142858,10.613369333948825,38.714285714285715,0.22122603816071781,0.020778558183743266,0.4039310110168224,0.2017118290302269,0.26093219430301556,0.026521107872509834,4.00651667853271
97,1.5,189.42589895886977,39.142857142857146,3.2413842287524393,91.28571428571429,0.12265435794434716,0.04106847529951326,0.23888100264149711,0.2512821079219106,0.10739768475159217,0.11580914466875425,2.5162515924758866
98,1.5,235.1769087901874,19.0,7.707958883345235,45.42857142857143,0.1305080290440155,0.20546335815178482,0.06308652162760216,0.3744000729493051,0.07197321716520098,0.18545784208334046,3.709601632085934
99,-1.5,189.610622923758,19.571428571428573,5.3468582318718845,47.0,0.18656960037835815,0.02648150697017374,0.1707842473490529,0.3634950929946042,0.04560358739780819,0.17258614882047885,3.7866390805804335
100,-1.0,119.84439361172575,21.0,4.232948372396931,38.0,0.06300408531026756,0.07289810773373717,0.19379792115173547,0.18928053391434946,0.4109792712799919,0.0761956672670232,1.6637869186464935
101,0.5,254.64660607685406,41.714285714285715,3.803918128622771,91.85714285714286,0.09952933287067318,0.047733816311579025,0.29237581074107505,0.13344445748113234,0.4112153975143795,0.08162924190159755,4.507151375190878
102,1.0,139.95216960668773,23.428571428571427,3.377552529995387,45.0,0.13608138319127475,0.09696206095695808,0.35287202253857497,0.2919521419181858,0.1780717986350619,0.06116274374468427,3.2409024852857544
103,-1.5,155.45045202435662,26.571428571428573,3.088670714347358,46.857142857142854,0.09264753566174025,0.12112709537568847,0.004782687319820694,0.1963347047235728,0.09540122713251764,0.6889325147280434,3.5241534387301874
104,0.0,207.67249813061972,41.42857142857143,2.782649158472787,94.57142857142857,0.11280071898586852,0.06694722554103963,0.25492375475680384,0.3033775755992176,0.18966493025919884,0.009804801844493026,3.5575601116493463
105,0.5,179.6424422298114,30.0,3.68969982895236,76.71428571428571,0.11900820410479389,0.0760701904227541,0.03491073910893061,0.18427300475320846,0.34792424083944395,0.16783598655291201,2.6844919705886863
106,-1.0,247.86767368231895,24.142857142857142,5.029403039905713,52.42857142857143,0.08546371914603075,0.06378855885197908,0.11215070376707928,0.3174942095337328,0.06442029989733555,0.26638495983082405,2.778064433955051
107,0.0,224.92179064799126,50.285714285714285,2.572813445038175,104.42857142857143,0.07623879903042671,0.05189359419593693,0.36613704260798435,0.056782231839129574,0.020990901611449758,0.11807910719347725,4.416376239586372
108,-1.5,216.2655500762897,33.857142857142854,2.5544030344012207,76.14285714285714,0.09028485083495569,0.04628359490620375,0.18674223927440936,0.2984270594773871,0.284393220648444,0.039676096960955545,3.91518247244851
109,0.5,219.036103828006,23.285714285714285,5.543975916081027,57.57142857142857,0.14419910927631752,0.03675826913322713,0.30918896540770896,0.08243055875486145,0.10210605289378329,0.2408454639151789,3.538446009886593
110,-1.5,185.99213762556238,25.142857142857142,5.959835230399311,68.71428571428571,0.12685519279400356,0.08320311854969864,0.19030361886342803,0.3824974806920364,0.3504897071648546,0.049788095465787406,1.8531224441793663
111,0.5,264.3318666369041,24.714285714285715,8.002671309458616,66.57142857142857,0.07877951463179687,0.15087924234100525,0.34722972176934275,0.07109653541081648,0.29922343435230325,0.057599796948759566,3.1680112244273504
112,-0.5,206.899098435358,42.142857142857146,2.633008187739209,110.71428571428571,0.10967265438132473,0.05068135098361063,0.10939370876847085,0.20405819808671652,0.01081670579856655,0.30421191057941166,2.1363694814486918
113,-0.5,228.22644936142936,41.142857142857146,3.2394946918281216,83.0,0.08058574158432914,0.0472813548909861,0.3750665617962259,0.3060133516808346,0.029216172414832816,0.23566468443112035,3.977812752792521
114,0.0,177.6282086120259,16.142857142857142,7.247105801702688,41.57142857142857,0.12124301777412808,0.02483456051478558,0.3354855701480338,0.031976348064221685,0.5156432735470047,0.014860261616345448,3.385129927529105
115,-1.0,167.0904176434742,22.571428571428573,4.4212650805905165,47.42857142857143,0.09230918274651535,0.019811957634299784,0.037270466250797774,0.2563175467633384,0.16494567012432224,0.2229027318006597,3.3694161172171833
116,1.5,121.70760342186699,20.714285714285715,3.5105317794647135,38.142857142857146,0.017112637364453172,0.07612176770488108,0.20498945153807555,0.2392526044503606,0.07821252840455975,0.09347037190278043,1.312032557683088
117,1.5,190.62207026744883,20.714285714285715,6.099375249213133,40.42857142857143,0.2174032438863695,0.07889299320013987,0.4897777956406075,0.04664630053928718,0.04632434889943958,0.13015778373806972,3.3424737696036924
118,-1.5,205.50435430211616,25.857142857142858,4.583452258228862,60.857142857142854,0.142879620322685,0.11630987145843626,0.04836084422375787,0.10589496057927349,0.4355874452913489,0.19799285218097934,2.6767265799436615
119,1.5,310.88322008986563,24.285714285714285,8.05662459550476,69.0,0.1209219276221701,0.06548019953131928,0.08769272655676859,0.3472012417748836,0.2165502733002534,0.14990343159244482,4.022369519425345
120,0.5,185.59801859878334,20.571428571428573,4.764503107340902,53.857142857142854,0.07556285747103879,0.05982697033585157,0.03573237374122586,0.23106290243062302,0.5595229413846471,0.05205008993531834,3.1026291124033505
121,-1.0,195.80500669661814,25.285714285714285,3.8909961345418975,60.857142857142854,0.12195491357142858,0.07000378771759024,0.17841931420766538,0.2911003193005036,0.38845566222611905,0.050156967148884145,3.0800487741913147
122,-0.5,136.62800970216648,28.428571428571427,2.843987750698201,65.57142857142857,0.11080925227511097,0.06663899529201375,0.18346134007393494,0.011673554371661168,0.07238739737734214,0.3819000840392023,2.367815773759564
123,-1.0,134.53622060027374,17.714285714285715,4.790421812330474,34.0,0.05841075355988142,0.05060921854410626,0.19549234465767998,0.07319655693291316,0.33533262795714963,0.284606449845424,2.372609962447852
124,1.0,173.80229262607887,34.285714285714285,3.4026959899956313,68.42857142857143,0.15031004594598685,0.11579859307659422,0.05301291180751289,0.3316474011080206,0.1463423990399559,0.07191834113240245,3.328056810607977
125,-1.0,180.65400990052896,29.714285714285715,3.990296186864009,56.714285714285715,0.08379684897481729,0.04000796030456713,0.16596650173683197,0.19068378325967816,0.5481056212424571,0.030937978932587977,3.3078799308542224
126,1.5,211.21568341560263,19.571428571428573,6.414236568690173,44.42857142857143,0.144369649721711,0.04736476256775044,0.1323548725244072,0.0065151836246328376,0.5364499901048533,0.12077728093109574,3.928447317103636
127,1.5,136.2615249663135,18.428571428571427,4.241758756769053,47.57142857142857,0.0669991937583996,0.08576082601351859,0.2586447203285373,0.0832441826612088,0.14717489824717742,0.456482428179501,3.129645295247116
128,0.5,129.3670287480075,31.857142857142858,2.267146741207697,57.857142857142854,0.09608960939353131,0.032818651313275285,0.2725607764824513,0.1507767576855387,0.15221110504670798,0.2559891414701425,3.7291171980087077
129,-1.0,112.18723092419573,23.428571428571427,2.8400029119663897,45.57142857142857,0.14826931747988034,0.08460702323603335,0.06447645937717558,0.2521122672582386,0.12925704759521145,0.22921158016512114,1.9443017716357727
130,-1.5,132.84199213283756,6.285714285714286,10.138103023123954,15.857142857142858,0.04796304836291763,0.021601600272753475,0.07017823545960067,0.0,0.060067642242883655,0.4854020853695327,3.0701439677013207
131,-1.5,287.73799500979896,26.142857142857142,6.904553179070769,70.42857142857143,0.1315002964424397,0.11101774280693844,0.08295454387041373,0.03627631213748467,0.5137052685579286,0.12878991173667634,4.12658192352074
132,-1.0,118.88388361644118,23.428571428571427,3.0679633768045425,49.42857142857143,0.04635993788471751,0.038781912573644634,0.20284037011959677,0.2189338545797033,0.15402049034569493,0.03047462503537743,1.850054730487264
133,-0.5,222.45713023864087,37.142857142857146,3.441470331995564,79.85714285714286,0.16038166756945632,0.18044541664439065,0.041688479586910736,0.23617201643825353,0.4194308670456974,0.13210054401486823,4.559290756754796
134,1.5,122.51854366203689,20.142857142857142,4.400555737268984,37.857142857142854,0.06983479921676339,0.02455824295512057,0.3050301478754131,0.2241854660327385,0.2977058064551303,0.14998852188668774,2.2276237822580596
135,0.5,166.15363712715438,32.57142857142857,2.994127919004362,69.28571428571429,0.09457469888292028,0.09662175969373303,0.44222774531225056,0.39620809767666854,0.052686962378605616,0.05971247657429225,2.8375053802184813
136,-1.5,194.16272208411195,21.571428571428573,6.068340579024915,45.42857142857143,0.1386509581665853,0.060971695029717235,0.10175069271356907,0.5447939721863477,0.1872719085439293,0.08268741927565491,3.003332856440784
137,1.5,158.1631331872898,21.857142857142858,4.254254968288628,53.142857142857146,0.11414827496900541,0.07010357366459898,0.13584692503688042,0.3275172086362674,0.30312288714435576,0.07925301199880802,3.1077141865310645
138,-1.0,133.76340736496095,26.285714285714285,3.2293604282727046,65.28571428571429,0.0731287736048214,0.059527116231651814,0.007643395469536871,0.2739528102215569,0.10879916755007144,0.5723750929102225,3.7151661208907805
139,1.0,126.30414777900607,26.285714285714285,2.7960752795534907,50.714285714285715,0.05618987994443627,0.14916782146502758,0.408658585264523,0.07838033714434005,0.2493380533137972,0.05021830050794051,2.176828377632324
140,-1.0,212.48876400041374,27.428571428571427,4.661201579016042,61.57142857142857,0.13697537718109837,0.06110189196459415,0.40531278465998816,0.19931747752742993,0.20644415129886445,0.1368278874243021,2.36721215438775
141,1.5,114.12740518442148,17.714285714285715,5.039552662562786,28.0,0.08675662549994832,0.1371676415560299,0.5526752495013328,0.023943994743480867,0.019904640878125848,0.06426626861778496,1.777742083349533
142,1.0,196.92377218739293,31.142857142857142,3.620240764401256,63.285714285714285,0.09241868772950171,0.047199371677722333,0.3445453147461349,0.23139863407611957,0.18840623046646227,0.01591696174869661,2.486145105071273
143,-0.5,184.39712859551028,27.428571428571427,4.473890813936853,60.714285714285715,0.08748705846523833,0.05411440236881075,0.004963806716651962,0.3283054888857134,0.43642591259361063,0.13047506311063534,2.333363789025029
144,1.0,514.6494961712962,50.857142857142854,5.856664431842482,128.57142857142858,0.15101951103937464,0.05533684123302127,0.09898025563526527,0.231725240531014,0.11613476811344303,0.43432234515121715,4.450642965652371
145,-1.0,177.75007239961246,21.428571428571427,4.179027159348794,53.857142857142854,0.14117406696210624,0.01738146158599487,0.047666611760170646,0.0764050224484971,0.24825208459999873,0.35174726192888905,3.634265920527946
146,1.5,118.28534666363983,26.428571428571427,2.6166601491480503,47.42857142857143,0.1261976106344067,0.14596105128415493,0.34484031122331665,0.09537350255202777,0.354785621435614,0.10826352453563151,2.6953760336015065
147,-1.5,166.47689338855713,29.571428571428573,3.657724581119156,57.714285714285715,0.1379055820361846,0.027982830072995932,0.02926153393156712,0.21644465388016784,0.32575142636876264,0.10574035905967433,3.096335510761538
148,-0.5,138.3277512915528,24.857142857142858,3.2319470612482615,55.0,0.10413971738701644,0.039260607242280025,0.10240692687741469,0.14556739538494273,0.41189861178232656,0.2309067813305164,3.671853032674032
149,-1.5,95.761186210135,11.714285714285714,5.826163534785868,20.0,0.07002298755840942,0.06868106242574389,0.013237884801989539,0.355818833395872,0.3423922348111579,0.2548756039939367,2.788321630550805
150,0.5,111.78390020820181,19.428571428571427,3.545473709594559,33.714285714285715,0.0903920597450554,0.011535256261558035,0.15161211157249393,0.29616417438532977,0.3213371248477974,0.1339240234403661,2.9860994336235267
151,1.0,278.25334332752266,25.714285714285715,5.097426044283697,67.71428571428571,0.20838113597273653,0.08241495273589675,0.15444045803389553,0.4459496422875068,0.09744102119259711,0.12561072589172598,4.548688880660366
152,1.5,169.83761953434808,17.285714285714285,6.187933848025412,37.285714285714285,0.06948958282736624,0.17178215291738044,0.10460058206418951,0.32531460967580045,0.21519876557967993,0.0714969106894783,2.759609650471449
153,0.0,115.288086740092,20.0,3.6796090713625125,43.285714285714285,0.13403458061778348,0.148732035357929,0.3406710464245367,0.03783528679744103,0.2980024426445477,0.08677811394738096,2.1038513271881714
154,1.5,128.59234833549013,25.571428571428573,3.157148387678579,51.142857142857146,0.11228505546046437,0.0189032229373134,0.16979403333188123,0.27162749367550015,0.1086464639222023,0.38901063002991465,4.133933960538215
155,-1.5,190.06700358003303,17.285714285714285,8.789032492109849,47.857142857142854,0.09448483123420187,0.05288329722188555,0.06381720821845398,0.3060559475773236,0.2530069089701465,0.274030606043468,2.712745009286845
156,0.5,112.72993692717276,26.142857142857142,2.4991136334745563,47.0,0.15544835929749806,0.057410032942473974,0.12469371499332389,0.21282270638455736,0.12945876893896313,0.3490438569428015,1.9506118249371343
157,0.5,284.11094360717516,49.57142857142857,3.42534154657657,128.0,0.19816513920266607,0.05358089187222564,0.05562221041993526,0.04463859935499169,0.3193109439846459,0.0881484509010861,3.7303738565750573
158,1.5,173.843132560894,23.571428571428573,3.565792830344748,54.0,0.06322493331824594,0.05235168464572785,0.05516654937002312,0.5175422228108479,0.06764139909212985,0.12474463163657348,2.912558760619328
159,-1.5,167.47830380317984,26.571428571428573,3.538933225357547,53.142857142857146,0.10168526928738059,0.04053065758432094,0.46685860701205917,0.0880326524519809,0.3383802827527465,0.09849890616969352,3.0367987264465213
160,1.0,235.34220093623213,22.857142857142858,6.579366328474522,46.285714285714285,0.1235316735721977,0.03204871112114786,0.09927510645885833,0.08604018279555786,0.39667263761250926,0.37266767673480417,3.7929535057599155
161,-0.5,131.6233127108681,28.142857142857142,2.794925505310892,67.57142857142857,0.10954602545074306,0.055409239030866746,0.10912380857190739,0.3360246613732794,0.3514047033561995,0.05159957370689702,1.6404856181148455
162,-1.5,180.76399857855168,27.142857142857142,4.35564396665799,55.857142857142854,0.07513649161403495,0.11640566062249498,0.47778915205769606,0.13138701735609276,0.09395670249099845,0.025215978916893415,3.135445939693214
163,0.5,180.9484954271118,22.857142857142858,4.999208776356201,59.285714285714285,0.05005615295182124,0.07106070732567084,0.469858731664275,0.11663980496183231,0.16281378308112585,0.06103028885096129,1.9489070099187598
164,-0.5,167.87052236322697,28.285714285714285,3.0994944626224874,66.71428571428571,0.06348348319491492,0.014678895896792468,0.04968762802517156,0.07556312715679486,0.39995756932737764,0.12900658196672457,1.9553450174416542
165,0.5,152.54927518489066,32.714285714285715,3.2230023672233785,67.14285714285714,0.07978220617753497,0.031089660719968618,0.18613242827935306,0.0005599047726960283,0.17568045610418534,0.33032462031504517,1.5947547151237689
166,-0.5,153.13911521098882,22.857142857142858,4.120998840866688,47.857142857142854,0.0935004106493645,0.03508797392683859,0.08788870884094947,0.22735168636398137,0.2016731748489254,0.03592922918550942,3.6398343536642424
167,1.5,322.5824603839175,23.857142857142858,8.439875419577872,58.42857142857143,0.2336648444095122,0.14584430270957846,0.030289525705344843,0.3008546444102334,0.07230797094645951,0.12175513317451962,4.248175452902763
168,0.0,204.49838814419172,23.714285714285715,5.480009171371615,56.142857142857146,0.15618810091643767,0.09749616013845686,0.29582731236708115,0.119548468936601,0.040880612217705614,0.2341425201549752,4.5556998610359365
169,0.5,264.70402108577844,18.142857142857142,7.606463576591984,48.285714285714285,0.06797995035837301,0.06206994366491372,0.4451332121127649,0.23933645903778292,0.18239911652650467,0.03192933619570367,3.7540620107011113
170,0.0,161.50478566112898,21.0,4.409301661299829,44.714285714285715,0.10733329430671926,0.25235893854418234,0.39349111527712377,0.14740406732092579,0.10792019783952869,0.12631416314606636,2.380671768788781
171,1.0,175.4860428341181,44.42857142857143,2.2999144852511026,102.42857142857143,0.09655922367466657,0.03567297896104466,0.13668939916242012,0.12820124215135953,0.3907351674866788,0.2376759202531736,2.415879023704557
172,0.0,162.64931291980832,17.142857142857142,7.214238538552993,42.142857142857146,0.03807297831357886,0.0043207865889557506,0.5185654954781571,0.04089622874888329,0.2622326181713141,0.04744018499688914,2.635117500653495
173,0.5,152.09410541175436,17.0,4.689541082043579,43.0,0.07081621539516528,0.06311022054014616,0.2412586550080221,0.13831462187721819,0.1822875602763241,0.10855717753512209,1.3816718873690856
174,1.5,156.76339558779583,12.571428571428571,6.284097083001612,35.142857142857146,0.17897986382342396,0.010843138178836453,0.2095896512363404,0.2149946427364549,0.19408334153715393,0.11950450809414162,3.207653984622004
175,0.0,193.53190929097082,34.857142857142854,3.8471779723102983,72.57142857142857,0.12095798712938036,0.015555211033799105,0.009054776926761538,0.14469427173024973,0.19047641234006582,0.3861213559108114,3.5459038035135744
176,1.0,298.3878390063201,30.142857142857142,4.913655095848766,98.14285714285714,0.12937837386354967,0.04552200921926065,0.22934419482064763,0.36702650815121807,0.018047017671410353,0.3104781990179837,4.291321035501778
177,0.5,200.66555383012908,20.142857142857142,6.076857477041887,46.42857142857143,0.11458293174977811,0.06261037153639853,0.051981686849501836,0.21687453359225808,0.024305905015941386,0.10301611272693753,4.459045747542235
178,0.5,181.99279179614908,18.428571428571427,6.036008098748865,47.857142857142854,0.08234499279342737,0.07124816383761289,0.17046971860081678,0.16568759073813327,0.03701285858492014,0.4699984371472205,3.240509286282395
179,-0.5,158.98274549601746,20.285714285714285,4.932829388548145,48.857142857142854,0.12190465434390023,0.06954823864868816,0.07217836558442453,0.015467469137072667,0.34521197428873646,0.08225130691356952,4.4064954519552835
180,0.0,154.1860164532809,23.285714285714285,3.6998302252310533,43.42857142857143,0.10258050732920022,0.1105553695593035,0.08277203137446275,0.5207172695389237,0.08024635581154545,0.19643607733071772,3.235776039066979
181,-1.0,115.65715053307693,19.142857142857142,4.1080353342715465,41.857142857142854,0.08635028264891426,0.1168140214251506,0.05687227345275592,0.11387996272821972,0.5173211897585067,0.1278466913490589,4.059966607069693
182,-1.5,196.64763453720576,25.714285714285715,3.4830281107377257,49.857142857142854,0.19484479347947392,0.049992055195100256,0.10090307613891973,0.10669850892014039,0.28758258168162315,0.14033634026061964,2.8613109246879516
183,1.0,298.1537653312872,28.571428571428573,5.380370783453262,65.14285714285714,0.16004320442021236,0.06265556853469907,0.3616025920569582,0.14630247328780768,0.21231853499872647,0.10644958124152329,2.977542015538288
184,-0.5,184.07315308956439,13.714285714285714,8.517726531821825,32.57142857142857,0.11409770153221521,0.05068107629314245,0.23072314141992545,0.054195930533555994,0.32919927117316194,0.3070697998419691,2.365011657820501
185,-1.5,161.47980331696576,26.714285714285715,3.6435579861629903,64.14285714285714,0.15536614646561098,0.0404607505391173,0.20602394040933217,0.550191567065419,0.12827984833221875,0.080730797779076,2.842743768363189
186,-1.5,168.90454063662642,23.428571428571427,3.743387917435192,45.857142857142854,0.0781328879809079,0.04321052145078907,0.1729458127536999,0.6144680802174419,0.1709381175080478,0.007863317727942737,2.351966771501277
187,0.0,140.3647166405403,25.714285714285715,2.963662486368076,60.57142857142857,0.06195979125041408,0.017398315882368242,0.4207644128701341,0.13044617571910036,0.10132609913827538,0.2988467747474813,3.291162203722401
188,1.0,130.2556975114027,14.0,5.066452349405571,28.142857142857142,0.20195900858216165,0.0926322625680505,0.18238366059202488,0.3134683898110451,0.33932736134130315,0.08701006776522698,3.385061712950867
189,0.0,169.91517144615742,20.714285714285715,5.485920453926428,44.857142857142854,0.11594566094254219,0.07424298293517154,0.206540823737359,0.10229436474559012,0.13434267788785542,0.015785412017162475,2.031368080010272
190,0.5,169.40500105883822,20.428571428571427,4.8752364098396646,38.42857142857143,0.15551436490218007,0.03440286295655139,0.08444332783281355,0.32669543165214354,0.2282708844643353,0.1435837457320465,3.2966568684072968
191,-1.5,189.22181068362582,23.857142857142858,5.233854837055434,54.285714285714285,0.07555275819315092,0.05336335506801529,0.38145828097987833,0.32948317451889947,0.031339658294462246,0.0868754988171055,4.306576136926422
192,0.5,149.04941268801826,23.285714285714285,3.6020747833706097,42.42857142857143,0.07276844651355202,0.10885799487040643,0.3353106820387172,0.2117269226041026,0.31408293901288753,0.08316484735836462,2.6486512060193332
193,0.5,215.91883603919223,34.142857142857146,4.02458098195863,72.14285714285714,0.15992641700000987,0.059401354612660356,0.26946955542279416,0.2693740490377198,0.011696885493103043,0.09947029405883479,3.8298206222801774
194,0.0,144.0248117008384,18.142857142857142,4.9839189268791975,37.57142857142857,0.20859505412221602,0.012573002333048856,0.08292540304492863,0.2856769353568968,0.3205029879340165,0.07530156262246736,2.75363683692584
195,-0.5,141.51249097550726,29.0,2.74457853482044,57.285714285714285,0.12437701257525831,0.07539386142740231,0.24299453354076306,0.20344779003365868,0.20837316548898094,0.316574321853707,3.320951761347317
196,-1.0,203.42891354438305,20.428571428571427,6.124568982427595,52.714285714285715,0.12947630374854016,0.05689289602794061,0.3674607225133533,0.08591757647984916,0.06510638057456684,0.2668175529837331,3.3784799137505988
197,0.5,125.94285476066173,30.285714285714285,2.4702067942429187,61.857142857142854,0.09614418346522116,0.047332773060385906,0.16928512614666688,0.10776466921803883,0.15190175726236385,0.3536950560258161,1.9072836599564558
198,0.5,149.87412279509093,19.857142857142858,3.3570157192538383,44.42857142857143,0.051521638139567144,0.08301058886788446,0.5297592536094815,0.18096902625517983,0.125085862560584,0.020056521867169476,1.9635074978609823
199,1.0,171.5915657159615,20.285714285714285,5.132771793577845,43.57142857142857,0.034156817118429016,0.005727105466234138,0.6105858963811867,0.14185831483025374,0.09808501355970947,0.11467296963236255,2.1751526929089664
200,-0.5,151.59652195425835,28.428571428571427,3.2301326887361097,62.142857142857146,0.11863428409857366,0.07003964024186048,0.22355620378786145,0.1328730925276495,0.3738978049546866,0.12981447223517462,3.2459515629513236
201,0.5,92.83722528891926,14.428571428571429,4.052324795591828,24.0,0.07494308441512963,0.03892631184036659,0.4472492616665537,0.2257841201446546,0.06898094411451355,0.09620213493782696,1.6619101041923834
202,0.0,258.4786418139368,23.142857142857142,5.987849271700435,57.285714285714285,0.10800119362382196,0.05892381061045556,0.25746838340516087,0.16868622782931728,0.2829190047341403,0.030625740726212332,4.1872237095667675
203,0.5,327.93494435415505,16.714285714285715,10.6454820540446,54.285714285714285,0.11005643468821474,0.033495097821170536,0.08768287351034051,0.2432839800238278,0.007112019998274304,0.23479355615437278,2.624818112696481
204,-0.5,202.95102759668484,29.428571428571427,5.03223896192493,59.285714285714285,0.08298836641368529,0.0757856694427648,0.060912001827844994,0.13254247612863743,0.46760492847779933,0.15140606367741113,1.7751902989172756
205,1.5,125.24081481661474,23.285714285714285,2.6068283750322117,49.285714285714285,0.07078235182389525,0.0344900680846086,0.3922244760513466,0.10501995640455139,0.3337595207082428,0.052259770210217306,2.424465789056798
206,0.5,211.24051482592168,30.857142857142858,3.257000333243994,67.42857142857143,0.1468352625543536,0.07459934248000749,0.10041662627204169,0.09080392058755093,0.1133748839197455,0.4467646343450898,4.545342521320794
207,0.0,140.95804342371966,33.42857142857143,2.621332998948301,60.57142857142857,0.056377996160084126,0.025075258472827492,0.16197499783085104,0.14984601227911662,0.11087110591201796,0.37797327122848345,3.2042169094532107
208,1.0,187.81576545365127,25.857142857142858,4.358676433582318,59.42857142857143,0.06317555065816227,0.06972540129413111,0.26343872986701533,0.13307084085240456,0.22200969416744243,0.21776843607891647,3.1181628168451723
209,-1.0,139.49094751428828,21.571428571428573,4.025472969326989,54.57142857142857,0.028152892933883407,0.029772853339324258,0.3217127093432112,0.3089185329671814,0.01430169582552029,0.061610193068945586,1.7729957576176103
210,-1.5,199.93367865553319,20.714285714285715,5.948896894552476,47.142857142857146,0.09320459764797774,0.03604963254367596,0.18566776290844758,0.22563222658233045,0.17303117625543618,0.24446283559367651,2.5462583824997034
211,-1.5,168.92673987633208,33.285714285714285,3.6439208662603355,66.14285714285714,0.12031716555658187,0.08840430937085834,0.16068988565802272,0.11391747286690776,0.010635521678181397,0.36726046858316636,3.8274359810750336
212,1.0,136.59794686872095,25.142857142857142,3.4350653091790972,49.57142857142857,0.05156806527319849,0.05090629031937239,0.22589418437791575,0.388376217341035,0.22230475102317374,0.009006234949213826,4.102302911328982
213,-1.0,139.62104981409828,20.428571428571427,5.04746278046664,52.285714285714285,0.19264994970949073,0.03573071272448099,0.10841797511567787,0.2873779851147333,0.09802926544909711,0.2836582151417139,1.9834684844548982
214,1.5,114.57156238970818,15.571428571428571,3.6600559495749083,35.285714285714285,0.04427388432097262,0.12195667894857651,0.02053246174469882,0.03143293078050422,0.7947140943046866,0.1410485332736879,1.4191291616258215
215,1.5,192.55230376165784,24.285714285714285,4.667197995619718,47.142857142857146,0.14091643084929498,0.12892758892246609,0.1455141861598074,0.4564700663434918,0.032590935757776426,0.05910129972426677,3.74517505697904
216,-1.5,103.80196906287544,29.285714285714285,2.243582842889289,48.42857142857143,0.1724443351749175,0.069989933866079,0.09254072569283094,0.12400113088590185,0.24780417245239425,0.015034203130745365,2.0687463558023524
217,1.0,193.16885659250798,31.0,4.21339935241299,81.57142857142857,0.11053836790684878,0.05723883882213246,0.3819483163258693,0.16586168352360595,0.26392591820557093,0.0903893249771973,1.416173501812092
218,-1.0,144.6222719702423,26.285714285714285,3.8603215106952042,51.857142857142854,0.13592946406722933,0.14845640459996523,0.016691039544960318,0.13867781548286334,0.5589032300647352,0.12199931537449377,4.860588932206177
219,1.0,111.6441171565275,14.142857142857142,5.383764467531183,32.714285714285715,0.08112169247040081,0.07881197204869175,0.3629689157204227,0.08626429422656065,0.2862188592687026,0.23455367060684587,1.796747004576003
220,-1.0,254.75242548813407,43.0,3.5364218374004133,94.85714285714286,0.16137374612345437,0.16850750116368465,0.054187688492571565,0.07247597200325069,0.09057556674694517,0.22877504891406916,4.214668563946446
221,1.0,159.12567263143293,26.142857142857142,4.8618867936433485,47.285714285714285,0.1327728017152621,0.10413459964719826,0.04674626451727653,0.5914179124440535,0.11415741310357524,0.1609912487859975,3.9020317949869963
222,1.0,123.40829604914788,25.571428571428573,3.4717105406699935,50.42857142857143,0.10547352477574126,0.0876642083011103,0.08911427706865843,0.366613389091486,0.18807179525412393,0.1631879448419635,2.466230613111645
223,1.0,211.20403120816187,19.428571428571427,6.462743685522057,47.57142857142857,0.13734377656010535,0.029049151894895597,0.11360748160193475,0.15827486242598673,0.15374055178742754,0.3898893636723457,2.568109066126893
224,-1.5,209.64985444748535,30.0,4.049374883594262,62.42857142857143,0.13941269215818938,0.10512179494411664,0.07689092766349137,0.023298136524901005,0.0747007534836423,0.35839417927934575,4.549786097905475
225,0.5,208.63781737085134,28.857142857142858,5.036808288322511,60.714285714285715,0.07833675955774262,0.06930317088493043,0.24840670707682033,0.04091067020004292,0.17763809524954766,0.017126157917118738,3.4694355022252754
226,-1.5,149.5126107352156,27.857142857142858,3.820959354269331,46.714285714285715,0.11846600563957813,0.06485581179107965,0.0357063899397566,0.20619865486856392,0.010801588184199146,0.09103300869575665,2.7403643069336674
227,0.0,161.3487474098886,42.142857142857146,2.059636415342554,74.57142857142857,0.1266012342416361,0.10129097981043662,0.308146101318483,0.3838240337946574,0.03646300784320207,0.15864659483248855,1.9217403265311281
228,1.0,185.32129222054195,31.142857142857142,3.855023479550961,73.85714285714286,0.0845448600470232,0.06579516511870616,0.1699427982374593,0.37719804455406547,0.26769492727290495,0.1397112483143042,3.426747453581561
229,-1.0,121.48540266750913,8.857142857142858,8.856766489311578,22.714285714285715,0.13617783955103963,0.022860739242305885,0.1711844925511407,0.12312331599747127,0.2114500831900409,0.32627903580331363,2.353989585607269
230,0.5,211.26375480597557,35.857142857142854,3.91851610326544,85.28571428571429,0.13559667411311574,0.07397315592433443,0.23380768012101075,0.10961991646794901,0.3520035397720512,0.15869349916360292,4.344466497348256
231,-1.0,243.82688968146257,29.571428571428573,5.143519359761111,69.71428571428571,0.1256356807885344,0.07027668601637517,0.27248108239898167,0.29833654965641543,0.011986743260516353,0.17437149569739654,3.7389086061561896
232,0.0,279.4652163929533,34.0,5.542291999933241,88.71428571428571,0.09328512393408732,0.05497054936270316,0.11957605826515827,0.47211489321692746,0.12219819811909073,0.06344854981744386,4.3833529774565765
233,0.0,135.9937966450509,18.0,3.575330642060833,42.142857142857146,0.031852033954834096,0.1071745627137735,0.023690570162256404,0.2087253286542184,0.1654255204419952,0.5064821437779734,1.3424569941215452
234,0.5,187.38368014521248,33.285714285714285,4.026172895486852,71.85714285714286,0.09053981049291819,0.016995183514909494,0.019011798509145868,0.44267889383511766,0.40239353609011513,0.11742204457528908,2.3662793532729305
235,-1.0,99.51109008181422,16.857142857142858,3.6901198272996263,32.142857142857146,0.1292804777386623,0.0843773013766741,0.13722878158402213,0.4386752011179791,0.08111499380709682,0.11699203887961035,3.5647201411751426
236,1.0,230.68264448254894,22.428571428571427,5.896544147600904,48.857142857142854,0.12276011851144329,0.06903745501979687,0.21801886228687203,0.039008166606437036,0.028526230344894283,0.20560525184271763,3.2287983653636045
237,-0.5,221.04408104165637,31.428571428571427,3.951440731560891,74.28571428571429,0.10092485910147152,0.15392952816589123,0.10639360317778718,0.11887900842348849,0.2767899936680394,0.15152974358974472,4.113696398852033
238,-1.0,201.0984247751299,25.571428571428573,4.9531961761590555,70.14285714285714,0.07054697231249381,0.02706506971649287,0.04775238424216593,0.19202796992619914,0.07898088917126668,0.4383840738636072,1.7653945652576573
239,0.0,254.31489091946946,28.714285714285715,4.878387994584558,66.28571428571429,0.14266619803471087,0.043652162232716916,0.203901027603799,0.14682782189134638,0.4205257925937814,0.0934096987679628,4.245097618559855
240,0.0,183.96620868412145,27.428571428571427,4.6937158214111365,65.71428571428571,0.09530358660826237,0.03328597594064126,0.06697351023096611,0.32152317373190237,0.13404467768115844,0.45571342584940217,3.0894868673417464
241,0.0,139.13242509341214,18.571428571428573,4.188710602487996,40.0,0.04212259354920022,0.08158004213795825,0.08823027859469797,0.3052421350274589,0.21554739676498338,0.3424964997572,2.1918087753011264
242,0.0,210.69833437410915,31.142857142857142,3.589155830070408,91.14285714285714,0.13884301122147313,0.057316882028339344,0.049379952830139934,0.16801876109501315,0.31118458842338254,0.2290652576178628,3.3706345648382996
243,-1.5,119.97317746212819,19.571428571428573,3.572859637874642,32.857142857142854,0.08160427628428552,0.03479501491756695,0.25642432327679715,0.2744667794280778,0.17474996341813923,0.23443985440423032,1.3913546717448313
244,-0.5,178.71080410247075,15.0,7.540133170380692,37.142857142857146,0.13556052625316523,0.0358959791320131,0.40485708113621666,0.1851966679070206,0.12529779756125675,0.16607809565691914,4.058218896772937
245,-1.5,193.37877558382215,34.285714285714285,3.452354740615148,71.14285714285714,0.11985939861738715,0.05865693786678194,0.021590869057675086,0.0495126999222764,0.3213325118594132,0.1700932885980318,4.282979949914782
246,0.5,246.86710585084847,24.571428571428573,5.501816081424215,56.42857142857143,0.07459259153736177,0.006684087166863046,0.32634830649716967,0.22652642010946186,0.07695847958518898,0.19332596533933313,3.647768350334074
247,0.5,180.81441397132858,30.571428571428573,3.2693089871766183,64.42857142857143,0.052536745179688094,0.05095144424883545,0.18473392873967598,0.4370576288433771,0.16367080107341087,0.02968081243372921,2.26425842336109
248,1.0,166.50815807840104,16.285714285714285,6.348985045423943,42.57142857142857,0.10745539827107783,0.08049340057611894,0.23960213677082667,0.021594363480029067,0.20105864955436756,0.3286342623329696,2.1097211520518835
249,-0.5,198.6124028155819,33.714285714285715,2.832867315301578,81.57142857142857,0.1541753180341471,0.1259182023267478,0.08558102612855267,0.1891360428757001,0.4635860983023561,0.23587471910363514,2.5661755676159337
250,-1.5,119.38530917667266,25.857142857142858,2.608905333729363,51.142857142857146,0.09220786176468601,0.026248575577406192,0.06346577281700308,0.03995345450415346,0.26039945975219675,0.5414972872865252,2.0543975935275087
251,1.5,210.23711648561428,23.428571428571427,5.017053803533452,54.285714285714285,0.19569119073654917,0.0772352107181152,0.18850788684733613,0.15353128666795704,0.2236768288676379,0.30883403282725364,3.413562727682641
252,-1.0,188.4392834178743,23.0,5.293850379765938,55.142857142857146,0.08978276474807852,0.10143494378744643,0.07451688073733151,0.35581177274292974,0.1780320632461836,0.18309435982205097,2.2731734961328485
253,-1.5,179.57993352602844,29.571428571428573,3.835152511628013,67.71428571428571,0.0957103920479125,0.031640220121144924,0.22002920114639257,0.19651531931751856,0.08889420763021301,0.40492977845155304,1.446088337683137
254,-1.0,165.49010247008303,15.857142857142858,5.5052738662309855,35.714285714285715,0.16700638393013395,0.07122585388520186,0.16676396400776822,0.025761863990936495,0.4172907868235364,0.23498268507552197,3.6692967553085816
255,0.0,177.7986912189486,21.142857142857142,5.625520893481443,42.142857142857146,0.14843364373645698,0.03915937219983167,0.23973489114645996,0.25848289768847704,0.1396835649370408,0.2993835714897662,3.608313630913463
256,1.5,178.53862003076935,18.714285714285715,4.641291124132175,50.857142857142854,0.08910724935793041,0.04177358861360567,0.16363636209762397,0.15934711041309524,0.18310877082133142,0.4711888693203225,2.872054845720365
257,-1.0,206.5479235330251,20.857142857142858,7.097326038636555,64.28571428571429,0.13276388355220559,0.09016187860440505,0.06210016311878599,0.5120524876093999,0.26696349798779095,0.04105353885934716,2.8537204769251594
258,0.5,90.74868743402907,12.571428571428571,3.263578899910546,20.142857142857142,0.04399660687080085,0.09076666575715128,0.11061725232216837,0.02597975616169186,0.14341186098224343,0.3994634489990898,2.4206993199681595
259,-1.5,123.56405795570694,22.857142857142858,3.075921152516596,41.142857142857146,0.05310689294049593,0.005381621994120088,0.05190988641249235,0.27607123009311396,0.13573682728977607,0.09082236199838255,1.5068366048458164
260,0.5,197.85718392399502,13.571428571428571,8.554545178771397,33.714285714285715,0.1627074272897239,0.04808212726091487,0.06944840268384275,0.4620065786833042,0.23484682481472555,0.1855139880592304,4.24427607198833
261,-1.5,171.62983115064884,23.0,4.66890439330399,41.857142857142854,0.08548143263323471,0.01751140275042718,0.05289751499855378,0.5409570314011617,0.09193648245223483,0.24541142336538468,4.387649411589072
262,-1.5,311.2650458682024,39.57142857142857,5.026923655348936,87.42857142857143,0.06095400978556236,0.03833438958002863,0.24186252230311067,0.16019676460568721,0.028922188615886513,0.31153612838052325,3.7276316406827066
263,-1.5,147.28494792435686,12.285714285714286,6.71908300225157,27.428571428571427,0.0772423559081289,0.02980097061570409,0.037120256487279187,0.2089878163222903,0.3560924714102306,0.3719993992631477,1.612475002094183
264,-1.5,129.57744848576277,19.0,4.542640993392835,38.142857142857146,0.12202929332785627,0.02170983866802877,0.11045645844788925,0.10370310117884504,0.0002274118497933111,0.2749367861165212,3.414643844998127
265,0.0,110.23228559351426,25.857142857142858,2.861727307471636,55.857142857142854,0.09683289121040396,0.014571162605116292,0.04536995417940829,0.16514489839346033,0.41461460264966576,0.08774522935858174,2.828733415670258
266,1.5,200.66172546110298,23.714285714285715,4.598915600057978,49.142857142857146,0.1110378348174945,0.1500315676081522,0.2100730842345968,0.02942878583644588,0.03652496502115116,0.20449382001746688,3.601788753838103
267,-0.5,229.74767721208272,45.285714285714285,3.4075434951487185,97.85714285714286,0.1371994870875774,0.03614987674687061,0.26140343640445024,0.08850359280792003,0.2712903812224024,0.14866075173597576,3.511295661222033
268,-0.5,129.70709346656184,19.714285714285715,4.031974928403477,40.0,0.11344064759961699,0.01850076332032141,0.1218921624643042,0.1833095425260048,0.3954975157963492,0.1356032351528814,1.7644855308620686
269,0.5,135.359032197698,15.714285714285714,4.908090570319593,34.0,0.03414046426392884,0.05568687936211675,0.3373433150064302,0.24798909648262296,0.16840943160123206,0.0035712507268754867,3.4133037596136604
270,-0.5,179.77849444779022,32.285714285714285,3.839389008208972,68.42857142857143,0.17187925387901531,0.08296232054631089,0.5280282064867836,0.10402038904738052,0.17763097845437537,0.06249923019544114,2.797681173952623
271,1.5,179.62591269604,32.285714285714285,3.9198546751631254,77.14285714285714,0.1764392860129883,0.043880208368884066,0.04387992151558945,0.037025577621817844,0.20041189895056077,0.5088686971710253,3.677155282446139
272,-0.5,121.4996936427287,17.285714285714285,4.483754794600429,36.857142857142854,0.027762310018955814,0.025972496852525995,0.18078818114726497,0.11102815622699735,0.21955882148333372,0.2275833478914692,2.764642629905219
273,-1.0,245.31222053891184,27.857142857142858,5.89248532419416,75.42857142857143,0.09063234219193043,0.1052686650485657,0.1571208637468835,0.20050737016582743,0.03501494988796915,0.45232677246259617,3.9544590049500097
274,1.0,245.95580817569999,37.0,4.316002410000812,108.28571428571429,0.11224711101960178,0.04340050429461392,0.032534883549857924,0.19540517909597924,0.15793145517718987,0.47809971471869805,3.495339871427331
275,-0.5,198.6014538820044,21.142857142857142,7.185136024186221,43.57142857142857,0.10120211552587255,0.04723021031163218,0.0359398332714705,0.09308544200978675,0.08617399084785525,0.29240180281896627,3.0482550261750383
276,-1.5,112.3599519484251,27.857142857142858,2.707093011839296,53.857142857142854,0.14570890259523137,0.06297205987689387,0.20294536862949608,0.030889213765043805,0.49181433509531736,0.1572303596181565,3.127432446137343
277,1.5,148.6747031857129,14.571428571428571,5.211080082393062,31.285714285714285,0.06606454842903785,0.029670046124422207,0.10343908207697407,0.48209078157825025,0.062465410954578686,0.18407506926549685,1.9065665271392258
278,-0.5,143.96294755951098,17.571428571428573,3.1613957221872924,43.0,0.07671958545904141,0.026524739373742116,0.19891863644985155,0.17693517834840267,0.21819835032239618,0.05829716904302337,1.3853876304181278
279,1.0,223.4725761655148,14.0,7.851191885467355,37.285714285714285,0.17924455019541843,0.060648113658443734,0.2928185333277392,0.5639504220627574,0.06396917250271746,0.028308819251266187,3.0651782346335072
280,-1.5,198.84230824517184,23.857142857142858,4.859705357811863,49.42857142857143,0.10707911644915834,0.06612099226054746,0.16995431689258877,0.4553154746287223,0.2856742388139687,0.004615774270607554,3.8553239029058175
281,1.5,153.54537254125216,20.714285714285715,4.526026313100304,36.0,0.17162991359961413,0.14505987101846282,0.2524152116925615,0.09637366331057941,0.1430029115951452,0.48948186590166204,3.6605005338857404
282,-1.0,124.32649635047137,21.142857142857142,2.775294952745895,41.57142857142857,0.16649871874662547,0.14708016916949593,0.14529444555393847,0.3407709209016377,0.13824010720414867,0.01842869952330814,2.598051817124314
283,0.0,116.07874767183736,14.285714285714286,4.172856265428488,31.714285714285715,0.24111418009083807,0.06231075911599649,0.09479163180970948,0.06304100022049962,0.18798152618049252,0.18433820597394554,3.0865697006530506
284,0.0,138.90177161593166,22.714285714285715,3.567854016506733,57.142857142857146,0.03580598442847256,0.0569093569388119,0.001479184600339183,0.1965592811350008,0.40956745301704,0.15631146154843992,1.9901565043537492
285,0.0,173.8992640090523,25.857142857142858,4.5549880331167145,57.857142857142854,0.1508072979595985,0.1103460800143294,0.2010230811880682,0.10183461098482613,0.10436880351584893,0.17746817605106618,2.307403796557072
286,-1.5,128.38409307815795,22.142857142857142,3.4039588812034527,42.857142857142854,0.15312563252614053,0.037074540900261486,0.34558535070024626,0.0009333172588554525,0.06357464398201511,0.0938724165342605,2.766659556222537
287,-1.5,102.60117541288204,15.714285714285714,2.991403980976357,27.428571428571427,0.10586721916148097,0.023892343860076933,0.24760511447262679,0.057883589057663574,0.13058515032608298,0.4941370890898504,2.1302171706286153
288,-1.0,167.58728301670098,18.285714285714285,4.805896514339542,53.285714285714285,0.17552082060718138,0.07997618887660055,0.5328627237289338,0.11966150250838835,0.1807407569825693,0.10365620105045022,3.4813243072077253
289,0.5,163.52937062842253,22.0,4.391755529753129,45.714285714285715,0.0881360748504128,0.14951400638407572,0.25263232425714566,0.06265461286907274,0.053202562118398224,0.5085900827763356,3.533496689910621
290,1.0,103.61445534221228,19.428571428571427,3.1536978210303164,32.42857142857143,0.08826436045999489,0.07071322057679548,0.10453900766818852,0.1727962991273203,0.5770633922925761,0.015020515427653173,1.327197873640322
291,-0.5,183.6617117193273,37.714285714285715,2.7132074245309883,67.85714285714286,0.09388954012848601,0.06054241483519993,0.04460714821652213,0.39739118704221293,0.1656702085747288,0.09980395391366324,4.102691449159298
292,0.5,216.94197069334786,47.857142857142854,2.824853866231059,99.85714285714286,0.09267568951962336,0.0823151949114639,0.3863036792096637,0.2532319795075504,0.014345816844613076,0.053621218319007076,2.408589884067184
293,0.0,174.60878342182392,22.0,4.604504337414537,46.57142857142857,0.10177662744981306,0.05800929042084015,0.2711349953824665,0.012404340159147167,0.4705272754119539,0.1479056466296805,3.431483771709983
294,-0.5,116.62647526367627,10.714285714285714,7.609820266180514,20.857142857142858,0.07181089990070878,0.06926498689297511,0.2450732426205328,0.22596620232683728,0.10262386219276962,0.11051509370065363,2.6216032513093914
295,0.5,209.35215067889845,36.714285714285715,2.9777422207995303,71.28571428571429,0.08595611682975342,0.05047489647130559,0.08881516688401563,0.246994120642639,0.022199091161082245,0.3439333528521768,2.7445082423687914
296,1.5,171.91829023595315,24.142857142857142,3.623284799777007,49.714285714285715,0.116471187129877,0.05704633420228669,0.1348485638792775,0.11327095216729685,0.5399415076638233,0.023516523017938856,2.9783117960574117
297,-1.0,165.72172319137874,30.285714285714285,3.0061122670180467,62.142857142857146,0.0654313077473629,0.053189494572270186,0.10267541109608674,0.2761900970185552,0.16066645286243716,0.22746545950420688,2.5032783817356465
298,-0.5,255.7682970626676,35.57142857142857,3.763535084117885,94.14285714285714,0.0665096466883238,0.10860471484784742,0.07932187132599772,0.08903969250754636,0.26970668449403434,0.11672795446955485,3.25451291253126
299,0.5,265.57858774728777,23.142857142857142,7.929475931589037,47.857142857142854,0.168740831278387,0.04678978055664502,0.2236372267829262,0.11528663260736305,0.38096470510471975,0.07466643140400543,4.587220567923045
300,0.5,168.69773122964946,32.0,3.412586190485714,56.0,0.15969624674472496,0.023730357173335295,0.13514973266754296,0.6327962691897148,0.12469511417360235,0.09720905176162785,4.453208750009631
301,1.0,160.767709385231,21.571428571428573,4.400824754757643,49.714285714285715,0.06592575297832794,0.05788202558240415,0.5509685654286961,0.13821911999019154,0.18975530036304392,0.1042578243254605,1.63159242688035
302,1.5,150.93958968209103,14.142857142857142,8.475935407366684,30.285714285714285,0.07729648160233507,0.08377849008788586,0.22197514479504932,0.15811481455469695,0.3404055724547495,0.182077179411783,2.218446694656981
303,0.5,198.10351976883413,28.142857142857142,4.3308726174478975,71.71428571428571,0.1524077662327418,0.1414065213319396,0.1877799900424477,0.440486348788604,0.07917209301960608,0.2580975304335008,3.6630376005549623
304,0.0,161.94181532429715,23.857142857142858,4.568777335533418,46.142857142857146,0.09854049069819619,0.18830518664614262,0.4838189248400808,0.015847395449499656,0.18272695903851421,0.2907657635867717,2.49036108585028
305,-0.5,87.19931576028246,16.285714285714285,3.076229090910948,29.714285714285715,0.10054008704353253,0.028618655783905586,0.05674219481430647,0.4350174874636065,0.1537839007211204,0.043718760808248984,1.2698511434526567
306,1.5,163.94137837121622,23.571428571428573,2.9654659595000252,53.142857142857146,0.15053815658757333,0.05144758374717908,0.1520412503269725,0.0822386521950353,0.05145673063092233,0.22109625609810407,4.3492029419246565
307,-1.5,173.0588566237547,24.571428571428573,5.121824511095447,50.285714285714285,0.08958318799094141,0.030935186166571225,0.21912872332672054,0.31557744349000083,0.1448107979378207,0.016183509987497458,2.4334129261080775
308,0.0,139.45026708343207,10.0,9.14161345320182,17.142857142857142,0.1260952314065229,0.06267779018539589,0.15130541201104591,0.23302288786794376,0.2559499373119744,0.1800630323000696,3.4088658971140746
309,1.0,159.69681297241294,24.142857142857142,4.476418712102508,47.714285714285715,0.07401600708973333,0.10963194832986609,0.15189428992087467,0.05944872229712783,0.06852953925465874,0.2994036806311009,2.3305839893515206
310,-1.0,154.0773267195055,14.285714285714286,6.135186481754082,30.285714285714285,0.21307872632355385,0.017795051103208833,0.11768187741133916,0.1130113240815068,0.22669544913898948,0.3060232171226695,1.8227377914385046
311,1.5,192.06806786546153,18.285714285714285,6.239419176353518,46.857142857142854,0.18232149548422372,0.07400165719955487,0.34285413827494987,0.07408579034817872,0.1579122456080647,0.27572378832062305,2.140131761479874
312,1.0,207.69092309935755,12.285714285714286,9.376326042405255,27.571428571428573,0.09020160222518354,0.0253041482518731,0.199667999750117,0.21391434882454124,0.30366881822907665,0.25082184707466,3.07326327029685
313,-1.0,97.06043260561046,13.714285714285714,4.999860510483492,19.428571428571427,0.12478963158909041,0.05716466496636275,0.1675222993776415,0.32604529243759484,0.18238302999591496,0.14939156891982464,2.0182962713095303
314,0.0,136.11530474116674,14.0,6.478957027022192,32.857142857142854,0.13360514497606393,0.055708539493270745,0.13391706223360964,0.32261485283634694,0.1556673194822964,0.1259328424205289,1.5207000329788216
315,0.5,215.86143022489549,15.285714285714286,8.846507865439353,33.142857142857146,0.1881947799158714,0.14881676860446252,0.1478441554092453,0.29085968264791046,0.08975516613049,0.18017500078884602,3.4598800610482328
316,-0.5,195.40405142819642,23.285714285714285,5.510740918413105,51.285714285714285,0.13836752456586796,0.05306269997083055,0.21123531073856863,0.1014721491841484,0.07485206842266119,0.30573951554911705,1.9707056744685025
317,0.5,163.05644400950118,22.285714285714285,4.429244314008999,49.42857142857143,0.07431554891589826,0.057300862921850985,0.1064036242397369,0.19312471544226592,0.12566704987243305,0.32105760263468336,4.135818114017152
318,0.0,182.91397314212614,17.428571428571427,6.323900994873543,41.857142857142854,0.11227305086493833,0.029837591892562933,0.2027067191495345,0.1109851799641677,0.058951140948713995,0.3798952055734623,3.107373151262814
319,1.5,145.56072249164032,25.285714285714285,3.530118984334164,50.42857142857143,0.12285302253040492,0.059493903922220814,0.21183462631396743,0.14216920208957626,0.37222502999100016,0.17433433920598673,2.4772017829975868
320,-0.5,200.28041858511432,21.857142857142858,6.208522453756193,44.42857142857143,0.11361855399906297,0.050292328797682466,0.2067809725877935,0.11889480925022672,0.043831790185045925,0.4682547268018792,2.751239087187124
321,0.5,179.8063515748656,20.142857142857142,6.017162610065416,47.57142857142857,0.08023355428357555,0.053272172252666984,0.1662644758507183,0.27738645679906354,0.069553904032556,0.14679663466506204,2.5053189898321744
322,-0.5,200.52848321770452,32.714285714285715,3.5179349400399564,84.42857142857143,0.09271896724863944,0.07311749657950822,0.12069512316246446,0.5290537693746528,0.22781005149067857,0.06323845379439579,2.856588301245002
323,-1.5,138.8796050265164,29.142857142857142,2.920667544329063,53.714285714285715,0.13957617898595912,0.05493603594757621,0.5712830242862196,0.13656032047708716,0.12714726519802,0.04974267531014232,3.834113616159402
324,0.5,82.44831487138747,8.571428571428571,5.729614893633398,19.571428571428573,0.07507365915909059,0.02479781536459556,0.09773455631771079,0.17269346366559846,0.02193911146194106,0.29522372042303735,2.1210445585629194
325,-1.5,90.23683329902643,18.142857142857142,2.679701347789069,34.142857142857146,0.02217748238704153,0.02120973260161145,0.20417293669686765,0.22572087257087725,0.17956872686878875,0.3386660644761041,1.082413039803426
326,0.5,152.14852415664103,22.142857142857142,3.9720960542294583,51.857142857142854,0.07041252448009877,0.028655266724779752,0.386380555741869,0.08509921513768762,0.26002444022642585,0.1880317679810757,1.9540061876217396
327,-1.5,155.6121945720025,27.571428571428573,3.709328663539613,62.57142857142857,0.047361654170242344,0.08427869156563425,0.0582973228309324,0.12859968183372536,0.5627974847362581,0.13803445679395282,3.166328770563921
328,1.5,102.99346555000866,24.0,2.678464447729195,40.857142857142854,0.01406352188472481,0.01774938477571206,0.4004117592367347,0.3403012098978597,0.09697718458075448,0.1369197723751214,1.7892076769576852
329,1.0,104.51331950870792,41.857142857142854,1.6995188323878552,83.42857142857143,0.08126409660528672,0.11247913146511182,0.1672107981714711,0.13432890623815902,0.375291592764619,0.0,1.6993926886138704
330,-1.5,150.14849458847377,23.714285714285715,3.902097256338269,48.142857142857146,0.14342508108465854,0.03547742011326345,0.34921312412480665,0.1932747168134867,0.24865895914164254,0.17490845900980845,3.820735029415548
331,1.0,155.9024176605383,38.285714285714285,2.2415536015352053,72.71428571428571,0.1292515516387594,0.08562845388627094,0.12141343408357913,0.5730531123583466,0.12099474600173435,0.10771968980092275,3.0375028258843573
332,-0.5,160.78433726210278,31.285714285714285,3.1683771987054152,61.57142857142857,0.10517785429069046,0.06255848855515204,0.2298476396841955,0.0044264833613883205,0.15946907786220854,0.10441981102585929,1.5065765638010116
333,1.0,223.51789290486371,27.571428571428573,5.493114887582811,69.0,0.13880644725504585,0.12581786456899055,0.513855747559086,0.09345472554129496,0.09117325814978902,0.1696257001874333,3.577096923418277
334,0.5,156.77927529739213,21.142857142857142,4.543023675004111,41.857142857142854,0.01968052266051728,0.10270234478182948,0.2987181461869852,0.25262541895384316,0.0775024419579487,0.2794004631225932,2.1946854467235273
335,-1.0,179.02743780696693,33.714285714285715,3.503210421128843,81.0,0.1160594529458821,0.04984058030422142,0.2469236111341227,0.30421091121254884,0.1353835507622445,0.09419640268292202,1.5140850659356235
336,-1.5,153.20467083028112,17.142857142857142,5.793291583685512,35.0,0.18284439486983053,0.03128018605008952,0.008695949202477888,0.1485042915227415,0.5715545808992895,0.24907658790443823,3.9868646928538434
337,-0.5,104.64185151146738,31.142857142857142,2.5036333756102698,57.42857142857143,0.04532627981997989,0.06306317678453921,0.1560619726998289,0.23961649722239944,0.08865636246108856,0.12399167331065498,1.5136424178297538
338,1.0,236.50952472364574,24.428571428571427,4.868152278960002,68.57142857142857,0.11020079688573461,0.050125588996721884,0.07155639728802024,0.41449067885758395,0.07093235927907784,0.1743300230803639,4.391192096946344
339,-0.5,108.86856490628621,20.0,2.83482366273212,38.0,0.1525105909136166,0.0591662741019294,0.2742147565492341,0.38119643945172377,0.08299102312427666,0.09867171269665388,4.634926948776399
340,0.5,136.06611790816268,24.142857142857142,4.3408538532072285,42.857142857142854,0.10453149929055124,0.005714985025064586,0.03800118690849569,0.41886949317300665,0.40199909487614316,0.04542732463736244,2.9538378443775732
341,1.0,118.11856396262824,20.428571428571427,3.2786338526185035,43.714285714285715,0.09001644978005423,0.01682362806265813,0.0882990251249235,0.7059317051525748,0.08995246693034838,0.09121706972307708,2.314009678391585
342,1.5,163.2656395326938,25.142857142857142,2.78150773607962,70.57142857142857,0.08234307766992752,0.029910900901470108,0.0702327594554119,0.6343382421891826,0.14906613303819977,0.04511351240768814,2.913347532573985
343,1.0,263.2373294596785,19.0,9.823963546573856,49.42857142857143,0.13536225576901284,0.02734867249714021,0.23873372773788545,0.22308055972903196,0.28910244949819375,0.23224320790055517,4.372015442259521
344,1.0,189.8829156612995,21.285714285714285,6.390094462352742,54.714285714285715,0.14479074002334139,0.05307907552600454,0.0189805513363065,0.14822810233156156,0.09430679212339461,0.3754198371966896,3.0276017294939863
345,-1.5,211.73044142327743,30.428571428571427,3.90347284818593,63.857142857142854,0.06688724658378804,0.05550240586683971,0.5215394685542719,0.26895094529337493,0.018388456136663102,0.12899556868351336,4.751140811637508
346,0.0,157.18354055845768,22.428571428571427,3.8015771161388985,42.42857142857143,0.08607309116640853,0.1744079944773465,0.16711353461164935,0.32575082271056544,0.15705633046181952,0.2560577961556479,2.1225826583773335
347,-1.0,243.2483923244176,31.571428571428573,4.787286326484046,94.71428571428571,0.14459722980455872,0.075577809871919,0.16557760062629054,0.1560494993595081,0.4292079072313109,0.06377922068286344,4.589437542774922
348,-1.5,320.2654999043778,29.0,8.1171121599302,66.85714285714286,0.14824474961806358,0.10181712076886855,0.3578011326134884,0.2709177350214091,0.013585860141761878,0.12201187161697466,4.277325023012658
349,-1.5,111.07821028000662,24.428571428571427,2.520552203061659,45.714285714285715,0.05706181473261566,0.13040908378564087,0.2885988797708093,0.19365456324003436,0.21190917518781568,0.10074296685795077,3.0071411236605328
350,-1.5,189.4315830862302,24.142857142857142,4.829648927177508,49.0,0.19701629724695993,0.007322399699193573,0.11120130872422718,0.11058501819039744,0.5668743361815795,0.1719644618450999,2.7017624010343235
351,-1.0,158.5470833894364,27.428571428571427,3.2629451093773545,63.0,0.15163791067098675,0.020884144595356435,0.0871134509352202,0.15387225647786723,0.19716472982317698,0.19689879245541925,1.9939857460441264
352,0.5,172.98656176915543,29.428571428571427,3.051667016401309,61.42857142857143,0.0819422628456038,0.05942503405624486,0.21763416724495144,0.29370863096729877,0.2219858924778102,0.06921235239755955,1.2747306620822973
353,1.5,140.35745723465294,21.285714285714285,3.541123475103796,44.285714285714285,0.1727042377310979,0.12598565508592904,0.20368211439374978,0.06027669369256407,0.373752906900505,0.28615055115825755,2.5678648179500536
354,-1.0,163.75147482798238,19.285714285714285,5.211246670802486,41.857142857142854,0.10319102268753608,0.1418214197569965,0.011674112771438382,0.3330061036141975,0.03563638613559635,0.32487673008242224,2.062928161619102
355,0.0,114.4740036005211,17.285714285714285,4.557745301997292,31.428571428571427,0.12907275774563004,0.06386868552527578,0.044326252823063086,0.23366891099032996,0.04580390789083715,0.13569784531297804,1.5479811824658785
356,0.5,122.77158424477003,18.714285714285715,4.250797383960519,36.0,0.17604135617963662,0.09202968007625877,0.39521951035958697,0.3959815950303148,0.010072556294069555,0.14163597093872435,1.907933136225256
357,1.0,117.7425320206157,31.0,2.438718383915422,70.0,0.07599141760202173,0.038759334930483794,0.3715180142196014,0.2677853949467613,0.16321866176847974,0.07134742300842427,2.8905675147525587
358,0.5,168.2520432046336,33.285714285714285,2.998003670227302,74.42857142857143,0.06596132884869253,0.025724882220984832,0.14901124678807323,0.18185994241021533,0.33596087949336256,0.09517050297350875,3.5451250969112182
359,0.5,167.07472905959852,23.0,4.914798001055246,47.714285714285715,0.17166564916928587,0.0734684553324471,0.1914453384779094,0.16722877879617673,0.07237084973797961,0.15570663464818044,3.6710549598459847
360,0.5,253.23410930007654,21.857142857142858,7.012128028805827,55.0,0.12390047997292031,0.09950577730623494,0.17201663909692028,0.0233639470726106,0.3938089114210545,0.2478930365391985,3.927079159812779
361,1.0,260.54575302314345,54.42857142857143,2.5766912984818595,108.71428571428571,0.086524927360803,0.0443834557914299,0.15934390392579686,0.3785462045189087,0.32282847159591366,0.07706067809635468,3.246467896408333
362,0.5,177.37416595231934,30.0,3.624681383078525,71.0,0.07955958793106155,0.015780581702688607,0.2702188399507065,0.15361521747987447,0.016555668036684183,0.33456269962397367,1.9338147971876753
363,-1.5,152.55187949303567,24.142857142857142,3.7855905139351678,54.42857142857143,0.12709359878397908,0.03524965914629513,0.14840108500460739,0.033753045157220316,0.16485282686211386,0.2556580039686381,2.890870029151598
364,-1.0,165.23611182906248,38.142857142857146,2.579511477143788,82.0,0.095568843264995,0.06668772608971293,0.3961434535614979,0.12504451567328792,0.03724382157424189,0.19522607525301958,3.0870221112190177
365,-1.0,145.97670786477963,34.57142857142857,2.9684415669301325,59.142857142857146,0.18556187094829885,0.05112683603240659,0.15595391568232694,0.24033924969923504,0.27873575309487747,0.15803656888912107,2.566367543579205
366,-1.5,157.97912026275938,26.571428571428573,4.08605094167789,62.142857142857146,0.10966310678930102,0.1456972291221996,0.4486363252011094,0.04964840425317907,0.19164223074712772,0.23548306874997063,4.424625580299967
367,-1.5,118.78074757135373,17.571428571428573,4.229910276022581,32.0,0.07560538716005488,0.033368414072083206,0.3090975134293287,0.07216986985961356,0.13149372710521295,0.32092772849995777,4.1941742698559175
368,-1.0,251.29552903899523,26.714285714285715,5.535733269776899,57.142857142857146,0.10799653081553733,0.07088751717266133,0.42095696320721554,0.06914359692498592,0.2553154812676368,0.061570247607417805,2.8104718098477806
369,-0.5,174.98151991066499,20.714285714285715,5.487600556205559,46.142857142857146,0.06270817166077844,0.025275530463179076,0.18706814685540304,0.07153719192065242,0.24836736513266783,0.4777392621558221,2.1665097815473806
370,1.0,180.85301013450348,26.428571428571427,4.812405612832941,67.14285714285714,0.044020987682816336,0.09729283021328056,0.21178849058135263,0.012793681852385786,0.14482984399693366,0.5125735034634478,2.6651960063719455
371,-0.5,228.69367158113346,42.57142857142857,3.158747024159288,106.57142857142857,0.11503780011195573,0.03796771444201759,0.14968411949152122,0.30428047817445975,0.2557283028448007,0.03472441581970359,4.859975137319106
372,-0.5,223.85309991437967,17.142857142857142,8.48014039109983,53.857142857142854,0.11718915325887237,0.06743094309757534,0.2658178810983512,0.44684781329038953,0.10298681043755929,0.08505562623401419,3.2924305470207678
373,0.5,183.69013420580058,20.0,6.3326523768479195,47.0,0.21096860051118882,0.01747473063926468,0.13807773191283296,0.355224185296989,0.053769174256933464,0.22419043112008713,1.990683600620542
374,-1.5,221.12885672891562,42.57142857142857,3.310856600445903,101.42857142857143,0.10272100601590035,0.019709873141901566,0.23155042257892777,0.1492575729438774,0.09821945620084922,0.4388630873756816,4.043365712364749
375,-0.5,132.5293344837203,32.857142857142854,2.2902168289128912,65.57142857142857,0.10808001912371082,0.04705684294865303,0.19609509624366384,0.1362824586790897,0.0716009687115573,0.34742279348774746,2.839429425501108
376,1.0,227.42309114470035,35.857142857142854,3.3534855029099724,73.71428571428571,0.11435532026899804,0.03112198848767674,0.13065993516037447,0.18837560497561467,0.3109975353643261,0.2493220049909655,2.2192644092418794
377,1.5,124.60866512480969,25.0,3.0685179242691527,49.285714285714285,0.11181991119408338,0.10052990328382537,0.24755481318918196,0.012475096217520529,0.2261193591597769,0.08789702610931699,2.895764195627914
378,-0.5,195.90797469685518,16.714285714285715,6.134671829437675,40.57142857142857,0.11348754643795993,0.08559262704460704,0.10605888001706175,0.16118160951750726,0.17747831518136256,0.26156089408769123,3.2170016348529824
379,-0.5,197.27386419448268,20.285714285714285,6.066907745361337,42.0,0.20708847419343093,0.036417994688396474,0.1785831477535799,0.19211713734965863,0.06421750042755503,0.272961955357177,3.7363375605402265
380,1.5,255.7389739025584,23.714285714285715,7.1770905833086776,60.0,0.12560019680701848,0.08519918483100601,0.15579175094366163,0.4042656906163216,0.026185055307045377,0.17787963562881187,2.532402165217621
381,1.0,208.731178562442,18.0,7.306497364248259,37.57142857142857,0.07580799402195998,0.030809504501883987,0.23542386424138423,0.05222299743477469,0.21632625260980046,0.14406395229042285,2.447277162614786
382,0.0,190.1530772678566,36.142857142857146,3.2182569381475856,77.14285714285714,0.1567827055034622,0.03130429053201352,0.4765161736513479,0.05770851176854639,0.14311074676496865,0.08999540591200889,4.147355402186269
383,1.5,260.1627353565995,14.857142857142858,11.03252222470189,46.0,0.18063654683237265,0.11783050895864682,0.1319517027610719,0.3371447237059642,0.2422734969258147,0.07707447928263035,3.347326044747185
384,1.0,99.71942771547636,15.428571428571429,3.83093940399446,29.571428571428573,0.08977432740297368,0.04596758792103207,0.044087580807530335,0.39494586040186724,0.21451438971977219,0.18956424756660537,3.0113523819184436
385,1.5,155.93228403903723,24.0,4.652803469193108,44.857142857142854,0.07225503119902815,0.03178252529861311,0.33175682062851475,0.019680296947090017,0.09871961202935266,0.1940202002545771,3.427954664158408
386,1.5,169.89778314438823,31.428571428571427,3.4295122054223706,63.285714285714285,0.12014027119813503,0.06596024954551523,0.16463734306635294,0.4896913924823363,0.06563143007884169,0.04032984234707968,3.3811915279339866
387,1.5,169.08182345796294,15.428571428571429,7.738766712935542,36.285714285714285,0.05120692656465159,0.03552220057541385,0.3210540484840833,0.009350652977804375,0.23679957211854205,0.4036874794732521,1.9694299402085502
388,-1.5,127.16840628456482,14.714285714285714,5.757956161806136,27.285714285714285,0.07645397522665812,0.05551789216378401,0.07015271946740784,0.21216537834937765,0.08629499744668906,0.10441084557314831,3.5857431278892733
389,1.0,138.3362514629609,22.0,3.4686350385245364,52.142857142857146,0.08150721042614548,0.0220400971712219,0.26584223749379077,0.22558739772430625,0.033283972309161185,0.2568170717640599,1.8643109842074341
390,0.5,111.97000864580541,16.428571428571427,5.190527559145029,37.285714285714285,0.06412848558333496,0.04283448336904016,0.10759471338212113,0.08663748456649724,0.1861949712520125,0.0226199072970451,4.289351876348638
391,0.5,237.07310130932157,36.42857142857143,3.9372268160539226,87.14285714285714,0.04763699133871693,0.07092229606643191,0.04712660036413066,0.3029267312596545,0.14638993893908434,0.2958555049698036,2.65380031450187
392,-1.0,189.13389077622904,17.714285714285715,6.027815104876166,35.142857142857146,0.12288034885338582,0.04134670406363204,0.346384202593406,0.4295444416871715,0.08898538622214139,0.08688831207924134,4.3495276209171365
393,-1.0,128.59767815374883,39.714285714285715,2.1972123852145824,75.42857142857143,0.06229940073408615,0.03956135254996434,0.12121677263402275,0.2397151653737639,0.27135624432494404,0.21355718063991247,1.6307588698780924
394,-0.5,147.39901398029454,27.714285714285715,3.9480009493489217,59.142857142857146,0.12144861752125505,0.018052219517446632,0.27155088980379066,0.32970006597143564,0.08515476239309734,0.09537252348470344,4.239604253579089
395,1.0,191.23942213488448,19.0,6.654873521693608,46.285714285714285,0.0931320442441268,0.15290306573130227,0.6008368520633567,0.13412691462126622,0.047882887532944125,0.17043052764866345,3.7057405314236123
396,-1.5,101.73154990069904,18.857142857142858,2.9321524140907935,38.142857142857146,0.043691494144483284,0.058767346417015434,0.3057541711633333,0.007580985680331953,0.18564651467679694,0.24438279345679045,1.6540985331026603
397,-1.0,189.51586163015745,25.428571428571427,5.2584349824781516,60.0,0.13051003683349846,0.02616276397271573,0.2281825237724973,0.09547922976609716,0.186001350822307,0.18796496526873127,2.7688201080658956
398,1.5,169.28969464900914,40.142857142857146,2.7545117301092463,82.42857142857143,0.13216647637734372,0.030253389519026765,0.12970732052731665,0.18088353680701547,0.31130887650758277,0.22104716632130392,3.168283464486687
399,-0.5,138.62811964785288,25.142857142857142,3.9108205916888714,52.0,0.11135391197128694,0.014716827064064342,0.06969726494891046,0.4752622000870602,0.10346677425621198,0.1997260364852958,4.545564565265427
400,0.0,169.71993491181507,31.285714285714285,3.552528565396764,66.0,0.10132360871867543,0.022514252265392696,0.09837047474357152,0.13205664194116196,0.249716417572069,0.14164836517348256,3.017341914539473
401,-0.5,170.84327500252098,14.571428571428571,6.860229805163847,43.0,0.08261659210534593,0.1951234224432546,0.04075449845978212,0.11012428737227309,0.14764013803586454,0.11774929998730238,2.3904719256719975
402,0.0,83.61610272501628,9.571428571428571,5.401998992767888,17.428571428571427,0.1350038375527229,0.008561733214950726,0.2708315219435443,0.2699297967642029,0.16258898618868906,0.12577222528939463,1.234830229658558
403,-0.5,195.03174606467442,18.285714285714285,5.993933700741745,51.57142857142857,0.10678942640031759,0.053081449271873554,0.2025968006092484,0.2846378403724828,0.24101854221192995,0.09151832638212536,3.8182786771143054
404,-1.5,103.64977964805153,17.285714285714285,3.3757466615798926,33.714285714285715,0.10514909618842443,0.033589839976970286,0.6596232181772139,0.18132554762075212,0.056191440258701444,0.026126645164639827,3.1558511285938016
405,0.0,168.03653490940152,22.428571428571427,4.878229632499759,55.714285714285715,0.07395673358311768,0.050575732526393205,0.17527753487844666,0.26018595160124813,0.39939417727016496,0.03232821102421627,2.256045910645672
406,0.5,190.1378116109426,31.571428571428573,3.3426749425656146,80.14285714285714,0.08024707022383701,0.04158966560517798,0.2408881386225501,0.03826768653701843,0.5412905904113864,0.08105414447700858,2.6541212266393406
407,-1.5,163.28739478167947,24.714285714285715,4.112150397999777,63.42857142857143,0.11191496868343916,0.02941860309281564,0.24454889384770362,0.12225445591719294,0.16590464771179508,0.2850687183620896,3.880282161891032
408,-0.5,217.15237129278032,36.714285714285715,3.6923869767173607,101.42857142857143,0.18856978771809196,0.08551725058731709,0.048896917359033065,0.49120263835294165,0.2326375973856107,0.17850883175673662,4.443917351825439
409,0.0,176.47151969938005,35.57142857142857,3.2178556430852354,72.14285714285714,0.09333369184661008,0.08475863303179737,0.041821210819509555,0.5836403284762245,0.010626342752678028,0.1435412667054264,2.0854370291805173
410,1.5,187.41509096443397,20.571428571428573,5.468076438453391,46.857142857142854,0.1582447288647781,0.05000731912579874,0.28531871542885545,0.1427257349102978,0.09543894545833723,0.24582558418873787,3.226469037639214
411,0.0,192.09823675978444,30.857142857142858,3.9952496871089753,65.28571428571429,0.06446718099043829,0.02564811221130538,0.1948766844203875,0.2803664283758412,0.04492473572379796,0.35061817989349364,3.619206964815111
412,1.0,124.06725323879708,24.142857142857142,2.657494991120563,47.142857142857146,0.07905518647617854,0.020848360458226252,0.17448572910404342,0.11919595825803968,0.1928284992672901,0.009268764110749565,2.1921136976176148
413,-1.5,182.94324046962197,18.714285714285715,6.913119562519458,53.0,0.12070517089743844,0.12571883318413177,0.06310545363424677,0.21049759073458155,0.23244809439162337,0.22196073353389326,3.906264251746331
414,0.5,174.65289952416927,32.0,3.2264707386991613,76.42857142857143,0.12042578510466384,0.017419678794791383,0.2715819985993523,0.2275432867275241,0.05771362005461397,0.3787804637675931,3.7538948114928052
415,0.5,189.0385113603413,28.857142857142858,3.818670731250318,65.42857142857143,0.11639509966968825,0.029831285321351538,0.025691084460176677,0.1883496459193866,0.5258766763677947,0.1828982981972024,2.1013687303106705
416,0.0,169.41097467750583,35.285714285714285,3.094253322745199,71.85714285714286,0.06935515183359293,0.06529698027710577,0.11425946980004302,0.23448164910687383,0.07374953028401632,0.4872480201707421,2.0504132015023
417,0.5,142.24937115988388,21.571428571428573,4.157183436166865,45.0,0.06514592025176402,0.021832356135497888,0.10689020858358045,0.24236533365943835,0.46810191842681337,0.16852368449600513,2.511886769294051
418,1.5,223.38361771900279,35.714285714285715,3.199054555402065,103.28571428571429,0.04195366910110728,0.03813882643325561,0.019592426173085747,0.01939055683216897,0.3578129096551047,0.035197572759994696,2.198452223509329
419,0.5,240.86537188585453,21.428571428571427,7.99025864176349,53.0,0.14767251341412757,0.06616069228463843,0.2603892940818189,0.2376961176312739,0.266830187962988,0.0641028363222484,3.7843522247778654
420,-1.0,230.41135817492093,36.42857142857143,4.1589504202317995,89.28571428571429,0.14709867445338784,0.042229125077250226,0.09625511246928094,0.24343991362902465,0.3822337040565411,0.09621927910550634,4.836254790859638
421,1.5,203.2898340570843,21.857142857142858,6.079212291864948,55.57142857142857,0.11683320182724731,0.017006208224430833,0.24264272542761955,0.21486859074622217,0.2029643302939699,0.15798012265262315,2.626762614141194
422,0.5,154.5452084858716,29.571428571428573,3.6472329720601704,63.714285714285715,0.11505542514108529,0.06770516214205367,0.07016896849981819,0.1285492635295551,0.2511493448125762,0.11578174706803597,2.7303630953475375
423,-1.0,105.03454566536814,12.428571428571429,6.48143449691781,27.285714285714285,0.018990012636121666,0.08017861469456504,0.18112669198853276,0.08717622213455506,0.2710631482433659,0.33155513541524706,1.2213956327379547
424,-0.5,198.04120360406299,18.857142857142858,6.265232565726656,41.857142857142854,0.09859785315844717,0.12966617556298599,0.18894496481285242,0.1696282855461181,0.06456286453733172,0.21897956921085857,2.899698773607711
425,-0.5,153.99768991455332,21.714285714285715,4.475140597640429,46.714285714285715,0.06928166654605045,0.028599629863487037,0.15994560079865308,0.1381688706878744,0.3334425292588061,0.2236960283955325,2.7578703942434535
426,1.0,142.82092825958472,28.0,2.4978452200216332,53.285714285714285,0.14605705118908632,0.1643242706822098,0.17156071783611163,0.13294646641666022,0.4917631943343588,0.12798564329992002,2.703497688285611
427,-1.0,160.75214053489395,26.142857142857142,3.823621118088548,55.142857142857146,0.13994969442131316,0.06455723931314754,0.14419932621761733,0.2361147836531956,0.15597035963186262,0.07729201103249848,3.6446294812349476
428,1.5,151.92475472152387,17.571428571428573,5.382676946871973,37.857142857142854,0.10593439597713016,0.06770254517495682,0.43190796981290047,0.09831424333634575,0.29366040261851356,0.04116925141207778,4.495478403924485
429,1.5,224.781665237532,27.857142857142858,4.810549012309625,60.142857142857146,0.03510597378874993,0.040175799535524,0.29971223907276295,0.32604987750400166,0.1656248697091797,0.03341485098648306,2.309522724700085
430,0.5,181.3149817154299,16.428571428571427,5.875178473052374,35.285714285714285,0.11034775870713828,0.004629022943913883,0.4731795065987264,0.10357564665231125,0.09052833424219388,0.040765817595145894,3.6962380728106727
431,-1.0,179.21486264198626,20.857142857142858,5.736963555148694,47.42857142857143,0.12064516385553385,0.04292851776405591,0.1811045270236418,0.06295589566758626,0.576572482799024,0.03574457292616743,2.693224772129878
432,0.0,207.06051244392773,37.57142857142857,3.190246551196926,82.28571428571429,0.1023832948105478,0.04036659912738696,0.27537914904592675,0.10753452380881556,0.04565784326749867,0.49485029590090707,4.236614843079749
433,1.0,187.89501377032917,18.0,5.537426867214444,46.714285714285715,0.12594310983126647,0.008827551799076766,0.22707712273629435,0.21264780204820102,0.005791830094530957,0.1046334878487339,3.7858851582959074
434,1.5,276.6227558243089,42.142857142857146,4.33704599481402,142.85714285714286,0.17829900620310637,0.1217662272280419,0.41201710705038014,0.3945044982109198,0.04399074432816281,0.14948765041053716,4.168981663168868
435,0.5,208.96777657171074,33.714285714285715,3.6309775545682235,70.71428571428571,0.13617386124456812,0.07923041870089093,0.012892250909891075,0.2290269886219145,0.2219659310068919,0.243624573673131,4.256966635544432
436,0.5,168.9848919548323,16.0,6.711531974704809,44.57142857142857,0.15638011064612065,0.027564498414495726,0.22820125580514794,0.08966671754235035,0.3111866628537359,0.1159470547419617,4.406832060291117
437,-1.0,111.13047576093061,24.714285714285715,2.984658196272849,42.857142857142854,0.0656582929969093,0.07526736950984567,0.2649620939515164,0.21930855984787273,0.22595983646025727,0.07928110511896061,3.61007915087497
438,-1.0,223.6366719050295,15.571428571428571,9.950157010210308,40.42857142857143,0.14796859769481058,0.06169596926591002,0.14686843578936998,0.25152390917685685,0.09763319132470374,0.12981609739698502,4.00995947253236
439,0.0,207.81986770729208,41.714285714285715,3.2447146794701256,97.71428571428571,0.07679085261989475,0.03260077480193345,0.2259170754751101,0.2657800410784314,0.00766218617629914,0.3009060108496383,3.2835740776280353
440,-1.0,146.4161731738705,17.428571428571427,5.876102649960583,36.285714285714285,0.09583793489132897,0.04017834809122098,0.17604596976656142,0.3083167649529183,0.20642600798393768,0.044174932561220334,3.6302585395444376
441,1.5,308.38506602763783,40.857142857142854,4.464441655829493,115.14285714285714,0.18394196395084406,0.06788241900152206,0.09698918156094342,0.218784660016833,0.11897859691508092,0.3374385363308016,4.697705737159711
442,-1.0,169.5111096521782,40.0,2.8381743984385457,82.14285714285714,0.08523756713485593,0.02173159640106508,0.3853889900135703,0.1512275542426299,0.03212907900366165,0.07355672923795575,3.5231384294302113
443,0.5,173.03007344720513,19.0,7.06891874522408,42.285714285714285,0.09043115958239105,0.06224650672060565,0.07849931630163477,0.08213865892831176,0.5519390024334315,0.13095790576961314,2.037791424331308
444,-0.5,221.64526108440356,24.857142857142858,5.4681827486429615,54.857142857142854,0.08136267242617745,0.026494715324543026,0.09780835152356938,0.0410222575837627,0.13012314408921985,0.09848010904185835,3.4362596481043206
445,0.5,125.35868757107097,20.142857142857142,4.21146417846354,41.42857142857143,0.08509196395121658,0.06386180272060221,0.35992182945961004,0.18238239112419027,0.13047285012553866,0.30206215392392866,1.9317891908056672
446,-1.0,173.6644070377004,47.42857142857143,1.9466232639437409,106.42857142857143,0.1937130520210609,0.08442532504461382,0.278680508284987,0.12452589012036813,0.11238613922936233,0.2851052437496417,2.9015591289566594
447,1.5,168.97811991255892,14.428571428571429,6.138454675432029,36.285714285714285,0.09043764509594104,0.11385968315688631,0.12329455853814743,0.2498583096837446,0.4997733438444258,0.053367121998147644,2.5355164274698305
448,-1.0,187.6401758418094,23.142857142857142,6.1096711649398205,53.714285714285715,0.09593195864013546,0.049122864633722896,0.14419053401444148,0.01884870428890444,0.3341964657579633,0.2605553305495743,3.686278645490532
449,1.5,277.27866411173585,23.571428571428573,8.144316102062248,71.57142857142857,0.09869774998594248,0.0501566539196882,0.24153772739940074,0.1694921761593235,0.2511212924168374,0.08503928861841105,3.700900348292188
450,-0.5,164.0141209897472,16.428571428571427,6.423449189890088,37.142857142857146,0.12924690863456137,0.006918720961998317,0.29565797745641886,0.07277575964753616,0.16276895864823518,0.3700129210415161,3.6965349979310345
451,0.5,265.1693961399921,36.285714285714285,3.798988781877891,98.42857142857143,0.17957007470116368,0.057883113413809896,0.08199637024219886,0.3692760337909009,0.0228885280870478,0.18807064407147847,3.938481839896362
452,0.5,226.8319884943359,26.285714285714285,6.353791319478759,59.285714285714285,0.09683886791160168,0.07194330667130948,0.27440023285035026,0.12339206597914205,0.0880187852030517,0.04617973672798091,3.4618381682246504
453,1.0,145.54548527238174,23.714285714285715,4.435972724681873,52.857142857142854,0.08127804902260889,0.02500922338710029,0.2130346059365294,0.15960657519661395,0.08077484750154823,0.5326106048292312,2.226136818915105
454,-0.5,193.60965253151522,34.714285714285715,3.5746203005988986,72.28571428571429,0.1288375565677446,0.04293187947240087,0.6071696123365499,0.06768891306177983,0.03459660116442113,0.1368072156079464,2.7069310286994615
455,1.5,290.63561818695797,41.42857142857143,4.251021703208339,113.0,0.07472258296372888,0.04111130439853356,0.2549735097955496,0.09336075337572954,0.06723455703620426,0.3363410301730759,2.4721560147340824
456,-1.5,189.36665720511564,23.0,5.409983522197313,48.142857142857146,0.07959038474980987,0.13871015704829787,0.18032854844040724,0.23484607855660475,0.10410464131642722,0.4642213899371596,2.878871481196605
457,-0.5,224.8288382160646,33.857142857142854,4.500960085114626,78.57142857142857,0.09291730008750095,0.07709601473809116,0.4344670004670645,0.06943672986107059,0.31751943737560223,0.055570730061338655,2.64284479001014
458,-1.0,137.03081693063518,23.428571428571427,4.297094882847704,47.857142857142854,0.07261936324661755,0.05178868420353801,0.18451720823996962,0.08670979426545534,0.3129947158411187,0.200994727237531,1.9410270344312655
459,-1.0,201.43966411931726,35.285714285714285,3.2341342190411324,71.57142857142857,0.10341523151073043,0.03301749299752731,0.4587564332375173,0.07285941011996189,0.04360565525328666,0.343003899671468,3.43994184484396
460,0.5,186.79268073385626,21.857142857142858,4.7477887292735295,53.714285714285715,0.08225987321748286,0.02117285808374429,0.11076709391687908,0.6216581610252568,0.024803969162619198,0.026170640208153705,3.8319827981203196
461,-1.0,271.4237220740503,27.142857142857142,7.1918954271738285,76.14285714285714,0.10203750065480924,0.03578228853480065,0.10610869276440899,0.44157055817430724,0.14996783369639935,0.20688154693984104,3.4109218100983223
462,1.0,163.2738811896889,26.0,3.5970172272046788,54.42857142857143,0.06087497651820221,0.09446574507072837,0.036581785405333064,0.28956976519262945,0.2132192176788987,0.0028644115815686343,3.0107769381295957
463,0.0,141.00862439511735,17.857142857142858,3.9048908557299575,36.0,0.0976357705938151,0.0599722150519918,0.3186278133307041,0.051489912366699864,0.03460741478597218,0.3162219544996467,3.125492127114317
464,-1.0,118.42745509321549,20.571428571428573,3.8064269895318623,38.0,0.10785752226867036,0.05342000240060973,0.39478930840500015,0.16030301318437631,0.27083162191946314,0.07073396420488193,1.9443402368017133
465,-1.0,161.9975585676155,18.571428571428573,5.564213480681255,36.42857142857143,0.10306204295928321,0.03292422921446176,0.06756745327239537,0.23080596247670485,0.17963968095041535,0.2592700578364553,2.734122179059076
466,1.5,187.36014533411978,34.714285714285715,3.527124315287961,76.42857142857143,0.13023882586323798,0.0632315713076773,0.07800891181305954,0.1465588877742054,0.3427777211659994,0.08984837474148329,2.8613075237057397
467,-1.0,175.7321176036401,20.285714285714285,3.865485030759158,48.0,0.04081716611913295,0.03667947560195705,0.23124398795440737,0.354885303687798,0.224050352277396,0.08406367212056488,2.830465209977568
468,0.0,195.8924856276767,17.857142857142858,8.404394951968877,44.0,0.09472457800202931,0.04603454361724796,0.16686419992131332,0.1587552104634203,0.17295723690963033,0.4407604360039429,2.0336310151144454
469,-1.5,142.1200476250161,32.285714285714285,2.3976912555360537,62.57142857142857,0.06615050193122161,0.06833210373147712,0.05289617733513881,0.11132833837107811,0.08480206346970502,0.33831819926446965,2.98979337898313
470,-1.5,129.87726459334021,26.571428571428573,3.2094659033911093,46.142857142857146,0.12306769883754769,0.10723998239706989,0.2048565316929205,0.08782234197759738,0.5564061018360991,0.07890085690778711,2.4578997220543206
471,0.0,190.3521871516467,25.714285714285715,3.5671809239349654,45.857142857142854,0.09847489115026725,0.0422993154741415,0.22137837546690908,0.09756390118097753,0.27006039413184446,0.3388389099930624,2.91263685274924
472,-1.5,206.31817994737807,23.285714285714285,5.389765273240808,57.857142857142854,0.17091339622053647,0.12400049887549076,0.08707970265771885,0.06415689919326788,0.3981808722682594,0.10366313994866364,3.713548586232854
473,-1.0,168.17757788716042,28.0,4.298466730707947,48.857142857142854,0.06946272725078242,0.07173653535309378,0.01568992898004662,0.7475486953489254,0.07373132805904956,0.03923170346888224,2.756159803122613
474,-0.5,152.52557032435848,17.571428571428573,3.8890624513076335,38.42857142857143,0.14195266571725884,0.02123129723472202,0.06953520748439003,0.1749881899490737,0.03659359213784876,0.6149888332246163,2.3682344271598046
475,-0.5,191.26536058718693,37.142857142857146,2.947399531435738,80.0,0.11984995854588011,0.10287256302074438,0.1676997199278774,0.1245132789228928,0.09154561366315173,0.26995851049576636,2.9015401064187865
476,-1.5,132.30531753193102,36.57142857142857,2.0823664966242106,70.85714285714286,0.06737270664769045,0.051081541611926524,0.21507050829014665,0.3404577265992278,0.28110262512981576,0.03811133702660683,3.184957494129773
477,0.5,297.7066661841025,21.714285714285715,6.980634052958367,55.42857142857143,0.18322191362808327,0.03308546107942655,0.05515164323074413,0.33385831063120147,0.029878032244950833,0.4134645459118603,4.177309900970666
478,1.5,164.74503759309636,35.285714285714285,2.6740837714320747,71.57142857142857,0.06839106695202214,0.03848367943617822,0.04363030787988617,0.18197339657996986,0.3323646009104641,0.1400336456342,1.6382734138876693
479,0.5,134.6116464426812,11.857142857142858,4.7089240685831895,25.714285714285715,0.11748222974147224,0.06188170537214175,0.18652510836126118,0.17099789890932315,0.1647788861619561,0.18703196512673692,1.3872681265463138
480,-1.5,101.16035688486191,23.0,2.552675491105009,44.142857142857146,0.10014614650515381,0.040322906384125314,0.24295278493299396,0.06940086230182166,0.48440639426952536,0.053293517226866434,2.2080305816306307
481,0.5,124.84227821762725,24.285714285714285,2.860556377004848,45.285714285714285,0.09448208829855684,0.1114440714901215,0.08852933820112252,0.164227311207054,0.3158423512357725,0.280785572135911,3.623834346577081
482,-0.5,190.8279531170658,15.0,5.772257925481852,32.857142857142854,0.08432664980935917,0.0877608045046773,0.6225541121756835,0.006082285110886118,0.007734300882117471,0.33754898641533787,2.181320397416722
483,1.5,349.20540657037066,23.0,10.182547749437246,73.42857142857143,0.13919804220345777,0.061312378586646094,0.1558651942107665,0.4786909189058719,0.3108772904329146,0.01804880213292709,4.393901160835194
484,0.5,115.04431113898899,21.428571428571427,3.3286524333392995,36.42857142857143,0.04116837204953076,0.027908241262565643,0.2731745739421281,0.1548608027991207,0.42546917634174763,0.13713154338332528,2.3591803831443494
485,1.5,179.08582274380993,19.0,5.728171524474639,47.42857142857143,0.12315335408781891,0.10298523433696438,0.22678225917431874,0.23036509383027728,0.1392812507229069,0.35258262991976286,2.714060654443659
486,1.0,150.81446647047383,19.428571428571427,5.993849432413598,44.57142857142857,0.07835828234370648,0.03298369218361792,0.39385326147580274,0.21529209945850203,0.26316952206969013,0.05649634797664474,2.7902922129607557
487,0.0,277.0739309025974,46.57142857142857,3.5624833038498966,115.71428571428571,0.10302269337653924,0.09058849365826568,0.2607888323400048,0.21659665701177264,0.297315868646878,0.14688361222077195,4.006284519411793
488,-1.0,202.42044597715378,32.857142857142854,4.007446705121813,82.14285714285714,0.12580361560801104,0.049437393178523276,0.1983528444305677,0.06746275875705557,0.1361398021250381,0.3277941898770919,4.538234852642496
489,0.0,126.44121856554275,17.714285714285715,4.183458197454582,38.0,0.09653006608941049,0.05065444662743211,0.18414952252389086,0.06943804739209777,0.5814530610807476,0.12994914656370096,3.203902181860442
490,0.5,155.94958294692682,22.857142857142858,3.927657703766142,50.857142857142854,0.12450358491251388,0.1409971291433897,0.15351074243355028,0.19671030109266419,0.374003050145533,0.22793193881517676,3.1028703455421325
491,-0.5,149.10889039698344,24.142857142857142,3.3672776245984752,47.57142857142857,0.12424066895915216,0.031511316165005375,0.14337653612095327,0.38237478277987624,0.07552819641721224,0.005909053894068275,1.7128575661146401
492,1.0,191.99207934281654,23.571428571428573,5.417893281474065,51.42857142857143,0.16887621120047108,0.0310993402393971,0.1366363807488737,0.49858646467642626,0.20008251978014255,0.09268294426721731,1.3283627478821207
493,0.0,116.82280338662069,25.285714285714285,3.162455002090362,51.0,0.13587950124661505,0.09635010889824497,0.1956052862114347,0.23424028391964824,0.43442147234276557,0.10559143302238995,3.3654362658313004
494,1.0,121.9133629059456,16.428571428571427,4.322763811722586,34.0,0.11170521643574231,0.05552531480737175,0.040501820808719585,0.41291723169135747,0.30696914160071814,0.08519057736320411,2.043061717765404
495,1.0,173.65284952995398,31.857142857142858,3.140256021156544,63.142857142857146,0.1269802966633489,0.0839860488662765,0.18013231602973834,0.15542073983711455,0.2738208518912603,0.1942089248587602,3.3999502832601434
496,-0.5,143.89899394614855,32.285714285714285,3.077814266143628,70.14285714285714,0.12362228884088329,0.0539796055510753,0.26724829352149304,0.1202414510917681,0.31236973026003884,0.20600544958621422,1.4079616273353817
497,0.0,79.23680475074391,8.0,6.732642863122624,14.857142857142858,0.12178328619403578,0.11200392437005459,0.06426587747480966,0.20992180156538187,0.022013464563226403,0.1846882808467912,1.9972533781738664
498,-1.5,147.9087434659597,14.857142857142858,6.326953961117792,33.57142857142857,0.06905242843878857,0.015995695668339256,0.0637579246491672,0.2064059253608877,0.14074795147865057,0.4384390118789257,1.8487561813898545
499,-1.0,152.48003496455598,25.857142857142858,3.2791823705718803,48.0,0.10958789130983344,0.04574420067387699,0.08640981731547086,0.008360484937912757,0.12526984887272105,0.24301510530171316,1.860917803960947
500,1.0,189.61566564623146,19.0,5.971181915817015,45.857142857142854,0.07838844090218822,0.07880983222364359,0.1880831615397424,0.1404528788687079,0.3895395616259334,0.21887721496084067,2.4978034467284083
501,1.5,237.04495179874561,27.714285714285715,5.06246915707591,63.142857142857146,0.20409219717909233,0.07423144319277183,0.0893853581734946,0.31264707488322363,0.10512453378454227,0.12666638779873754,2.2245821315396404
502,1.5,205.7186501376215,21.428571428571427,5.329159112739559,52.142857142857146,0.0576102147395502,0.10683447015677527,0.05613738306233099,0.13995168735150454,0.3423218989053186,0.20502046137096,3.6436189363487936
503,1.5,212.60783708317496,31.0,4.122540738552325,83.57142857142857,0.10404674810679926,0.16510990654947486,0.30236393787504723,0.13505489608057747,0.25743840444392774,0.1403397793390686,2.7715030698348277
504,-0.5,168.9319879350703,31.571428571428573,2.950179982784766,63.42857142857143,0.12499848199155571,0.08810591272724894,0.4817875153795866,0.08951900706283397,0.15552219526069705,0.06921944793606585,2.466049288180563
505,0.0,161.5934672991911,21.0,3.687141872093988,40.57142857142857,0.10827213454120725,0.03943559665652016,0.06387631206161506,0.2998896805166094,0.15051263433822906,0.4608425283386111,1.9517340439141213
506,-1.5,155.35054965223233,25.857142857142858,2.8924066017232386,61.142857142857146,0.14549064358696528,0.049029794653470384,0.3938454711031341,0.10912996658197348,0.16511545347697318,0.20202668823149397,3.185445194562481
507,-1.5,272.8738570671126,43.142857142857146,3.701131182120625,124.85714285714286,0.11045244807504145,0.058905015266239646,0.4400397678411482,0.12855276839234187,0.1523438251897457,0.06395227839587363,1.8540751770174366
508,0.5,119.76397595942719,28.428571428571427,2.5159788228795867,50.714285714285715,0.08515081003059262,0.11763976103947141,0.19096108218968774,0.3462543037012231,0.10791092656717712,0.12022220929653701,4.3483288324587885
509,0.0,203.52998236447027,29.571428571428573,4.718230357763256,64.85714285714286,0.12462938650763214,0.10545542018559334,0.16017974839107385,0.45984976125768584,0.012587706193417208,0.15008197752695,2.8951870593318887
510,1.0,233.83119722597894,41.857142857142854,3.289471017525177,116.85714285714286,0.18629024931592883,0.07832303408808487,0.0320393344037427,0.41115438111640723,0.1142762424945524,0.22803668355052994,2.807059265937757
511,1.0,248.27044096743407,32.42857142857143,5.472428411281587,89.57142857142857,0.17555235181858583,0.03558175993193298,0.20479704651243172,0.07538547479703711,0.016664594898306597,0.5376382221878546,4.0362272284920575
512,1.5,167.79491077444138,17.142857142857142,5.511709228861705,36.0,0.05433867858465468,0.03297176566381725,0.08233511959728863,0.03662704718121868,0.20902971705862328,0.39455906925213624,1.6689667958743812
513,1.0,160.289376127697,29.571428571428573,3.3492105094876528,71.14285714285714,0.08534633256016907,0.04948220325320294,0.16776754120492024,0.11056651654508508,0.23617300079902195,0.2844153035740274,2.1292386886506405
514,1.5,256.0090843642656,31.428571428571427,4.841011302570655,84.14285714285714,0.13944869501911,0.08132581208882265,0.01351162761546439,0.5168608354577491,0.054874477446926404,0.10189766654271287,3.874969921888099
515,-1.5,151.78967806076753,22.714285714285715,3.9309732503960233,57.714285714285715,0.1184513931515698,0.05335904235556663,0.0678862489829305,0.016271366263523396,0.04660635763965397,0.2098176403817268,2.5988975273124746
516,-1.5,130.89510383137466,25.428571428571427,3.3487271561416696,45.57142857142857,0.057377719863529894,0.04414024948040163,0.11106994345994935,0.008103920367132362,0.1849840970161469,0.293510574299063,3.570803686981165
517,-0.5,155.11845943474893,24.142857142857142,4.296630763240043,54.714285714285715,0.10267193234561596,0.1504391534962151,0.10060136411600887,0.2297059704964559,0.04609224203765349,0.19364093883451117,3.7643137783657523
518,1.0,261.8229668389626,24.428571428571427,5.6996968274216755,82.14285714285714,0.13930264457375652,0.0473048105625106,0.1962005625915225,0.46766171217082886,0.049443445747326904,0.09902978413174449,4.148365512471829
519,0.0,197.752472308774,21.0,6.269043340960221,38.42857142857143,0.13000519364030963,0.09325238725803561,0.3064514473859428,0.13541292374746736,0.17409541577301973,0.11515910943353269,4.520325295900939
520,0.5,248.54795391069678,34.857142857142854,3.4055492386057677,99.85714285714286,0.11811978045023717,0.039758718081408156,0.30341063287406883,0.27300048434712815,0.09547444303137782,0.2475712966050825,3.8981568096606045
521,-0.5,150.14794469251495,22.571428571428573,3.5216414947823824,48.714285714285715,0.07937133275532297,0.03104093875330396,0.6018403241180607,0.08356013546803187,0.14921244215141757,0.09420332646155231,3.2974473337712746
522,-1.0,194.11781873088603,25.857142857142858,5.060446762622986,66.14285714285714,0.11800803846981407,0.0347107493125556,0.08904570720133734,0.2192424372587428,0.38279718250921485,0.1473478799006728,3.2462505278636486
523,1.5,119.69183033787036,17.857142857142858,4.360042671031059,42.142857142857146,0.04323111696814929,0.07730862041258076,0.2504384391203862,0.0007737594773941659,0.1504564501519837,0.3567975761398047,2.622340018106276
524,-1.0,94.0556695599554,22.428571428571427,2.2952046115397136,36.142857142857146,0.07406679447423065,0.13389105751891264,0.23857989289757106,0.08619285860381201,0.12496134770486124,0.44343005444709593,2.0748198695978117
525,-1.5,151.08431501011663,25.857142857142858,3.4300672159838603,58.714285714285715,0.18479971306625131,0.03559001351482727,0.29307521308282786,0.07936357936363334,0.17308250189486035,0.27083858832273505,2.9418899397644704
526,1.5,99.67261966474555,27.0,2.3508357362608936,50.714285714285715,0.08551589590203164,0.09658018682521105,0.03185720088301375,0.2725654345458277,0.07160735358304471,0.30146775565052714,1.9351326437552003
527,1.0,141.5669868241997,17.857142857142858,5.8451549614637575,31.571428571428573,0.08920815780488622,0.032484241373716825,0.309214223844424,0.060482303588297294,0.19444471392125776,0.41508860974978995,2.735060098213646
528,0.0,122.67744065039518,30.714285714285715,2.5162095215134146,55.57142857142857,0.07508903946866738,0.07808350620216459,0.2561276088733299,0.06552750019411747,0.3257665289076994,0.16639943053809317,2.946249304192834
529,0.5,152.52822610535364,28.0,3.4347002364800954,54.42857142857143,0.1757994753495437,0.061956255044986454,0.25863497428616855,0.3501107878267316,0.17808286087658692,0.12283815691262967,3.1523049778934356
530,-0.5,192.223970645253,26.0,3.82382646752023,60.0,0.1753836780552606,0.036160165414563065,0.2942754729149903,0.032019884446768114,0.09790545260804663,0.5472533306309454,4.622466175917836
531,0.0,194.8744068282028,28.142857142857142,4.597198265334466,66.42857142857143,0.14088335883155204,0.058279556519819684,0.2567947019390227,0.19411733289787664,0.37536435824243514,0.10862605011648423,4.633066007523985
532,0.5,163.64271225888896,26.714285714285715,4.37990703619173,57.57142857142857,0.15998002378786177,0.07827445557321425,0.03516573675604506,0.03840480933971762,0.10815423853459327,0.1005336266588852,2.9593748222202683
533,-0.5,198.75868264279143,22.857142857142858,6.519385209495589,52.142857142857146,0.08425325317030433,0.0772932669663216,0.5934454285908521,0.048724353325625906,0.08247738299444839,0.0557019439662192,2.679460628140114
534,1.0,223.2073499767439,27.857142857142858,5.11388666300624,62.142857142857146,0.11985840168032556,0.14679727905901713,0.04568910217208096,0.2552384333787696,0.14493592492933588,0.16068358454632162,1.8072208739500022
535,1.0,141.43581564105244,16.714285714285715,6.376211319987871,33.857142857142854,0.08460186015902996,0.1042695611794234,0.1508685683403219,0.02884071084780341,0.25481921731296886,0.2809857948553245,1.5118847208457837
536,-1.5,177.73393428562832,29.142857142857142,4.503343592614311,66.57142857142857,0.0739656488855013,0.04386884176621074,0.19093154585043726,0.13616455089449725,0.27533012532861084,0.21611943662108782,1.6567042542870594
537,1.0,181.03647598782644,26.571428571428573,4.368068772747469,44.857142857142854,0.08963898137906058,0.016650592538805336,0.3371644050836549,0.10660925187861678,0.06899100686901839,0.07071714660123656,3.9276482967806152
538,0.0,150.5494494268207,28.428571428571427,3.0195348697503963,62.57142857142857,0.04517190209964204,0.01807567812350391,0.1739360131753894,0.12277940507258328,0.2984905886237879,0.15759953657436868,3.596420041977158
539,0.5,174.6129789346576,16.142857142857142,7.74926766244307,34.0,0.10915648176059274,0.031782165898197615,0.23183766344193196,0.0562827694550446,0.24740818124489203,0.3294589780982212,3.0230775920981263
540,1.0,141.00830157027704,33.857142857142854,2.7148068901078823,64.57142857142857,0.15564465224471294,0.028676400522246633,0.03341915165506144,0.32372554312847424,0.34879496889704287,0.16594354744625564,3.381119788076154
541,-1.5,192.0515810385759,28.857142857142858,5.013988933346498,62.142857142857146,0.10851718540464286,0.03673081989743922,0.5122626653444753,0.21885286153807096,0.1650175758417099,0.03219449562077911,4.244006641952057
542,-1.0,160.30656744015042,27.0,3.564276130721223,60.714285714285715,0.14365140888548475,0.0747895512138642,0.28602665645571795,0.1649274872956915,0.08644848359625376,0.2834730374780863,3.6191360667028487
543,-1.0,151.56836107909598,38.142857142857146,2.4872612675253953,76.42857142857143,0.12571885290761706,0.05455248949178713,0.41750107480261617,0.15815058838956308,0.12368430397610843,0.02101474829951116,3.8219668348928897
544,1.0,126.34508659053404,16.428571428571427,4.809544681860043,32.57142857142857,0.08650300450572382,0.03821356124392736,0.2497938062690438,0.2882925483962832,0.15090865602919593,0.219809237058599,3.0554671005790444
545,0.5,203.99038616925577,18.857142857142858,7.392497914095632,34.142857142857146,0.08714680821844033,0.035588443652751434,0.3666987622016236,0.03367834844291283,0.39554943966590217,0.10390637157071429,3.5062832505244157
546,-1.5,103.13893241542398,14.428571428571429,4.647979669623651,29.714285714285715,0.0932262724916001,0.018191173677467334,0.20159782094576137,0.35752682593009,0.2626887807516934,0.16803382117418691,3.4168940278152355
547,1.0,200.14346127283787,18.142857142857142,6.9101216571605875,56.142857142857146,0.13895645752006675,0.06299343015211677,0.1337159703704914,0.2825107890277839,0.406079018895964,0.04861006213861307,4.3675991594712285
548,-1.0,138.82179375202344,19.285714285714285,4.164664216491744,35.42857142857143,0.12342289109266316,0.03758648019929833,0.2919388146621273,0.06976858864920736,0.0713304866484321,0.3948761614912754,4.1956081899373725
549,1.0,141.1310739378128,14.571428571428571,6.253273255902952,29.571428571428573,0.09224654548830337,0.16146595861660074,0.1190802129636331,0.33569746719498156,0.10777522463812411,0.2506676300151556,1.9814751619821531
550,1.5,148.98936920660043,32.857142857142854,2.8634491608621033,70.42857142857143,0.1736094540434918,0.08814990680750974,0.09350932871920375,0.14478089105049255,0.3040475388290855,0.2164533055090335,3.26569739480895
551,0.5,234.8985871093974,14.571428571428571,11.008067022959935,38.42857142857143,0.13241008672392085,0.1066053687014934,0.01864886168960435,0.24182909388193657,0.5537388932697035,0.18247883365767598,4.163177551288776
552,0.5,189.23503722213104,15.571428571428571,5.965213840332544,31.142857142857142,0.06980680381490782,0.09551860055793404,0.31735234604312157,0.14125458061305654,0.3602863890420548,0.11800380150881672,1.4740535647304185
553,-1.5,195.2217905640653,33.42857142857143,2.847665422721013,90.85714285714286,0.10984593422356109,0.04281273003841688,0.290199185056117,0.21485522319862793,0.012220572814377419,0.33405974752487083,2.9518589819845817
554,1.5,194.7946962934154,33.0,3.974527475503458,95.28571428571429,0.13679593393026246,0.06889928606708326,0.16598632714092115,0.2924263623010905,0.029398312247527338,0.21968053994442752,3.5003475730229683
555,0.5,137.22186679932582,17.142857142857142,4.760943715958129,36.714285714285715,0.08850001961950628,0.01405451130339364,0.42930589126669466,0.11540214527398365,0.25885803100956944,0.06884746199001787,3.436523931248656
556,1.5,228.3519936242259,48.285714285714285,3.0767027539549545,121.57142857142857,0.15590786679032598,0.1187334495252264,0.2380299360953439,0.2589428651123211,0.08284096784717529,0.31628467342865246,4.434146585796012
557,0.0,131.06972844572093,33.0,2.402925993998277,68.0,0.04765447847561909,0.07318890676815606,0.2303924079736161,0.15966491934510366,0.23981759458451282,0.2059816514869142,3.209354567057983
558,0.0,142.27218784661196,26.0,3.56177938037008,53.57142857142857,0.10744560208581208,0.05967738828427801,0.037711847050097086,0.038085543691213565,0.21125161189145403,0.14180097306900002,3.935286484013383
559,0.0,170.2910101062054,27.285714285714285,3.3446782891253104,59.857142857142854,0.1054177086720777,0.05624350261039048,0.1137306134972103,0.24087739454869284,0.17263000926361874,0.1985732701275794,3.6542107328131217
560,0.0,126.79272133927616,21.285714285714285,3.587400197278599,47.142857142857146,0.18638190172634359,0.06787891248107802,0.19703839754538843,0.13054798406483198,0.1600900060991902,0.35878768514383896,2.274063429008855
561,1.0,237.61346572837874,24.285714285714285,6.384002588285117,62.142857142857146,0.12426196373418803,0.1164412612731214,0.20939266364631107,0.017430776254865665,0.3975906333081164,0.2297525193923406,3.0187341040288618
562,-1.0,135.0272593372903,25.285714285714285,2.470789100709549,52.714285714285715,0.13262960426320666,0.12047103658955684,0.03837007383721125,0.17220673123124275,0.21488079768492616,0.22801700763486787,3.316186559999038
563,-1.5,68.58087746844691,25.571428571428573,1.1853293473591386,43.142857142857146,0.13738491315154355,0.13724820216325492,0.13951088916910842,0.08391506919814333,0.1172572057755453,0.14053114897148974,2.1222080390478277
564,0.0,113.70185323049748,19.142857142857142,3.574325381280074,38.285714285714285,0.12041670192564125,0.0414636923967796,0.3778605803668532,0.2683183034857907,0.2642452756718978,0.02163831569243038,1.3090134261242703
565,1.5,118.8216642342159,16.571428571428573,4.283745174713389,31.285714285714285,0.08715288069167672,0.07323556001336788,0.1991929070497907,0.32894191544612356,0.02914923911369387,0.2176390399932681,1.4147345712872472
566,0.5,239.80484880899476,28.0,5.467142271440192,70.28571428571429,0.16515841988050042,0.06941875149266358,0.518920673144552,0.051995025958324156,0.21676806103167817,0.10007201301727646,4.683195672385642
567,1.0,190.35409149197818,20.285714285714285,6.050052994542721,39.42857142857143,0.13771283786687294,0.057998749043048914,0.049206080934030734,0.10155378259447062,0.40640014032194444,0.04792890644299956,4.395439173020703
568,0.5,197.6445649359595,28.0,3.4821353111127205,69.28571428571429,0.1308072471990398,0.030989506876750953,0.2937743900024149,0.1417112011835196,0.11656133067731704,0.43120942780370575,1.5966643178191853
569,0.0,226.10411679504327,27.857142857142858,4.946844057011479,79.42857142857143,0.09697944740914867,0.07140309672066426,0.17419835552482202,0.22221550324460282,0.2990376239193314,0.08670088295647384,2.2229688869454334
570,1.0,184.93587418686397,23.142857142857142,4.8561271230440575,53.57142857142857,0.09531195786355673,0.03275755167798076,0.020292055043519833,0.14798425185826014,0.21307260229518465,0.574934138107047,2.828066757686008
571,1.0,246.1897118740863,38.57142857142857,3.5154058221565307,91.42857142857143,0.14678734460771442,0.04030838302339938,0.265408718774797,0.0,0.1429885712970002,0.3564659673942539,4.732158005691318
572,1.0,224.97561246640615,22.428571428571427,6.189048241452427,59.0,0.0956824664014332,0.010719783622365718,0.02086703932407719,0.2603425111652966,0.10231317352064348,0.29970956240193763,3.3171960150125184
573,1.5,137.27396390268487,17.714285714285715,3.5631971932905033,47.42857142857143,0.06513265514337709,0.033255221143367514,0.3083773428083503,0.19029129525699873,0.06673859441753141,0.23042612213352556,2.038926344204315
574,-0.5,133.21277725097758,31.571428571428573,2.783703260861533,63.714285714285715,0.13075110248877733,0.02934216384410057,0.23199303738470065,0.037921773616392075,0.13541464413157744,0.1991358778242934,3.1387534976105553
575,0.0,179.89903940984536,35.285714285714285,3.525678734218097,69.0,0.13608099726603926,0.06622375796532719,0.2378444287946914,0.4873257874115934,0.08149868372040138,0.011242269744946567,4.24359021125521
576,1.5,225.85441960739016,35.142857142857146,4.047677755694831,90.0,0.10739713545034665,0.05300347389388601,0.10275544296167329,0.4133411539640419,0.22017271017874873,0.14038160627629523,3.368372636009303
577,1.5,187.36713269361485,20.285714285714285,5.306848883736109,44.0,0.06646709086123254,0.027162735612967098,0.2877579768739584,0.2924226925323609,0.1578457157806746,0.06853857243321008,4.318470979033784
578,-1.0,153.5582549847761,22.428571428571427,3.9204055959924267,51.285714285714285,0.168868143906539,0.07002861729848853,0.12173159799243156,0.38559647286285714,0.16158153315206936,0.16635769201082257,3.3445948596080024
579,1.5,189.20587221956816,24.142857142857142,4.943042801753815,50.142857142857146,0.06835257814386034,0.016022086243946177,0.20281135583754495,0.0772743657910332,0.4987664660580341,0.030816030409469418,3.2667040278925104
580,0.0,169.89660404341927,25.571428571428573,3.8053435046912405,57.0,0.08714673726666933,0.1202829513256029,0.0776024899014977,0.352064429973079,0.26953704084670715,0.02755699556503765,3.2830221466051
581,-1.5,133.57403724291802,27.142857142857142,2.867901341027209,64.0,0.12975175730413102,0.10806703405599848,0.611985740972327,0.11416859896712642,0.08617472801512409,0.08024006503521335,3.756806559071417
582,0.5,179.74363539535733,20.428571428571427,5.653779973567727,45.142857142857146,0.12826467617066717,0.04183868845544215,0.14202247145994418,0.4275348531938991,0.13522953567219806,0.02565750636441299,3.4287154386101983
583,-0.5,190.5894774606667,23.0,5.139268828362377,51.42857142857143,0.05963195198784614,0.10963600965754769,0.17492294219299426,0.5250964385576126,0.13886094780996944,0.031689093186668155,2.7034369004098098
584,0.5,122.04566707726062,15.714285714285714,3.9230316436356922,36.57142857142857,0.06373937512721037,0.05385789898873437,0.25534541156925444,0.09334957155721707,0.15448460110728277,0.0,1.316507078951484
585,-0.5,160.56237714766146,23.428571428571427,4.28357370281574,44.42857142857143,0.12921319314810095,0.036037564529968806,0.22423260743166995,0.20650093021256619,0.020347012841250716,0.4397837598958957,3.251791933600103
586,1.0,219.5036657235353,18.142857142857142,7.205888651958716,50.857142857142854,0.12957643481229333,0.02962352931810797,0.20797713124207964,0.22175351534779592,0.08324653336095655,0.3516062505640926,3.6397396354411673
587,0.0,207.4586550399712,30.714285714285715,3.7205779924996376,73.0,0.10605884477647076,0.042747961069864795,0.017856341061535486,0.6489171543650172,0.23942806431817246,0.0024408994492877,4.22579016599491
588,-0.5,170.76895341231653,23.428571428571427,5.10242025812669,50.285714285714285,0.13633647684372843,0.06108524571760046,0.028923169661051407,0.2102325931312506,0.15752635254019678,0.11897732076238168,3.0970108911661938
589,1.0,105.99375073289386,24.428571428571427,2.8106832626085416,46.42857142857143,0.04734014090253298,0.04567444549629038,0.1688935077403769,0.14001950802376434,0.17313873727009313,0.5179482469657657,3.0788907849910356
590,-0.5,152.96802148066186,19.571428571428573,4.663058650906389,33.285714285714285,0.1201283992993659,0.019658837910064404,0.28545993618119936,0.2106164946583,0.25505140911191515,0.17598160158177917,3.4850467414942363
591,-1.5,145.6758011436431,12.428571428571429,7.514399350289985,25.857142857142858,0.05380841870144341,0.03397970567507202,0.23266772393567442,0.681291249165546,0.006074195815294996,0.034020758017213,1.9899543386913603
592,-0.5,247.69842012214258,20.285714285714285,5.746036100975621,46.714285714285715,0.15897761439483252,0.09867392116391634,0.18515020503256502,0.3871015376128855,0.3148479842368982,5.927991667402122e-05,4.783095951613518
593,0.0,167.8400690886563,16.428571428571427,7.313284435678786,34.0,0.10757056458828992,0.09947244744663873,0.33189255730103195,0.05482206001603202,0.06543472268813394,0.3322208870069516,2.040855051330806
594,1.5,203.60908854429962,32.714285714285715,3.1598753578384184,71.71428571428571,0.07735552016237271,0.03877822340476643,0.3182545193712215,0.35155289603283824,0.0476195152547433,0.1477477706081772,3.871036369927626
595,1.5,254.40248533587933,38.714285714285715,4.1699228365762995,109.85714285714286,0.13136218119266427,0.04159015428470069,0.0765588932318429,0.07624436015602659,0.45289294797853713,0.08692605745375208,3.11378151897565
596,-0.5,193.83253738321517,20.285714285714285,3.6498707273307796,41.285714285714285,0.12161098680706794,0.09343475314433719,0.39611755770522156,0.020938270454228563,0.04030499703249275,0.5380998277391815,4.299664680431032
597,1.0,231.52535089720647,29.571428571428573,5.04640113491257,62.285714285714285,0.12911724499012367,0.05193312140352477,0.14328987965096188,0.17123292097665485,0.1797381632553778,0.2522728967188256,3.8252565411536836
598,1.5,276.05522314865226,28.714285714285715,4.991845354601248,98.0,0.11390963777090878,0.05109521352228457,0.000568446445858141,0.4263265942397173,0.19076280844212004,0.20033613002085188,4.008923799065084
599,1.0,94.62682641808553,18.142857142857142,3.7482005504223914,31.714285714285715,0.11150841423692455,0.008222389381081443,0.2828849947636668,0.3787589256133289,0.09932600593668262,0.2144629666188376,2.8993703775273874
600,-1.0,160.34354426893438,28.285714285714285,3.953482724729127,59.57142857142857,0.08702655215224311,0.056746973635672764,0.11528503491455772,0.19177525819361238,0.16147505513075122,0.5107992428665759,2.330046482471858
601,1.5,153.24449626903268,18.428571428571427,6.2432266856091845,39.57142857142857,0.04899312568481123,0.04929153284215615,0.16158001764710375,0.29542466134268697,0.1863682162120016,0.22143365537290804,2.2741311800250807
602,0.5,234.32362413444122,34.0,4.752056609077316,72.57142857142857,0.1668216678900493,0.048852307895340355,0.3165190736875849,0.04466604917487542,0.41523812486744577,0.07894998525494665,4.156080070261485
603,0.5,179.63756629769296,25.714285714285715,3.71521069184231,65.28571428571429,0.07345566060460564,0.008086949687106312,0.024807453834248046,0.18789806975418719,0.09160810774439578,0.21212654539940878,3.908343222356604
604,0.5,164.0675759335788,16.714285714285715,5.781723984616117,36.142857142857146,0.08352215112553284,0.0609986599852917,0.1364592445613597,0.10577043333888911,0.010395868014188871,0.13702283281349878,2.4560891921904258
605,1.0,210.10331698892898,24.285714285714285,5.4099967490531995,57.142857142857146,0.12430318782754991,0.04724030623409537,0.07655536753194477,0.1563659297683616,0.18771462338499137,0.27978639831276336,3.718344540493388
606,-1.0,169.82021864182462,26.285714285714285,4.417290899522685,56.285714285714285,0.08628810609351706,0.06706626600426083,0.037719346351849994,0.18105254486534267,0.05976242312824915,0.5823381910068562,3.1117103114227853
607,-0.5,155.39290149339362,17.0,4.800435018031393,34.0,0.05465674052935853,0.08583366015572161,0.36580944295160467,0.2230339694175544,0.1594396565623606,0.08323376854972613,1.8811313068607114
608,0.0,235.60046412451055,37.142857142857146,3.5531392289888384,90.42857142857143,0.07521289258782908,0.07701988396080651,0.052920716922853876,0.17849647304584762,0.35080544988257456,0.27770302767951077,3.397660190478178
609,0.5,217.17365641949294,33.714285714285715,3.5043505054997555,90.0,0.12271564072919204,0.05006677785730911,0.17046584719595737,0.21563427165335036,0.3260401282191667,0.1673178257142588,3.827804631866729
610,-0.5,203.66976314833278,28.142857142857142,3.8977488324931606,68.85714285714286,0.06048365199367986,0.010849705400553113,0.14809189049835828,0.19573757332342773,0.13408300281145205,0.1536610369561607,4.440264160898474
611,1.0,229.58500490310385,28.428571428571427,4.927830230507663,75.85714285714286,0.12756447228523898,0.027298400882916633,0.0625765247554482,0.018540265343084818,0.458692033706292,0.12712686741591053,3.2991268853030595
612,0.5,242.58174489751323,26.714285714285715,4.583521941919127,68.42857142857143,0.11811251816066766,0.02136780680311986,0.06523634755596845,0.24036527011190312,0.18146398719488183,0.4615171127400633,2.3743679604274774
613,-1.5,169.9929528265105,17.428571428571427,6.206476828493591,44.857142857142854,0.061081300550246506,0.04176925908506899,0.14504411013700969,0.19023571711959125,0.3652390800393608,0.18260996307093452,1.8153999412099173
614,-1.5,256.0184672905768,26.285714285714285,5.67936367826597,64.85714285714286,0.1146600613037413,0.09528305373974837,0.28330758840053544,0.18138982525595865,0.38378970626722514,0.06292926219200509,3.0029958811755546
615,-1.0,175.52086882978068,38.57142857142857,2.725082188997027,92.57142857142857,0.07192641454661897,0.023235278064882667,0.2180020533354043,0.10962838034848554,0.46373860028414526,0.13783621538733676,2.5083538196553183
616,0.0,138.54336958030436,11.714285714285714,7.4693725249817025,20.285714285714285,0.08767472697374208,0.10294588475704983,0.0017161277842964648,0.08001535649200987,0.2564128094020675,0.03943262295916325,4.240529486627246
617,-0.5,277.72090209745363,37.0,4.448882830101618,96.42857142857143,0.17624191041706197,0.044217619559460054,0.07808008905113596,0.17591714906394051,0.13950956803313608,0.280426216237336,3.0590567691470314
618,1.5,229.58675986960793,32.857142857142854,4.508880755379817,90.42857142857143,0.07190971911434793,0.03344015645307771,0.4543675119394354,0.08160176860052697,0.10422305246510548,0.2805833936146374,1.687057423472567
619,-1.5,153.1179668943806,29.857142857142858,2.473866738802601,66.85714285714286,0.19636741389787912,0.04690937898482152,0.19176158981835198,0.27036713898914144,0.1234791904031725,0.06492012241596533,3.9255593163560136
620,0.5,177.96447455410515,23.571428571428573,4.255897121812176,44.714285714285715,0.11498199104948385,0.12551169708945864,0.006084099709368847,0.18353649024173688,0.38479657025917996,0.06852589433412269,4.799844709991191
621,-1.5,166.35302852818927,27.285714285714285,3.625459138731109,57.714285714285715,0.08788466414238422,0.09298554030649615,0.5178566067219693,0.026360809681238315,0.0436482617531642,0.17493563085405878,2.1242669240281944
622,0.0,255.95710349493308,30.571428571428573,4.477668108177131,79.0,0.17263304348736014,0.1705561071384977,0.22764753733673737,0.5488357021598989,0.1086481488503727,0.06033741416182442,3.76751930698414
623,1.0,195.47997497490496,27.428571428571427,3.9362786535893934,61.285714285714285,0.14306353281144024,0.04637162025653874,0.23313087055274673,0.3885429993350179,0.16570006910050686,0.04500837074681674,3.540986342693515
624,0.0,215.0694812982463,17.142857142857142,8.213776116283691,41.57142857142857,0.1543190602029693,0.2086212808169419,0.08841247327692575,0.40082849490229494,0.1267829080176966,0.26255351640224855,2.7642871368840254
625,1.0,131.36495683923278,22.285714285714285,3.1236334838235966,39.857142857142854,0.09358903044405995,0.1458704330354901,0.37385509878827117,0.1625457822288303,0.11342778361675952,0.21847463494769528,1.9197892053958077
626,-1.5,109.95425949696734,18.0,3.4578978144348866,33.0,0.12620808882833504,0.02309583989476966,0.019114940883488144,0.4173376394395742,0.3386625088117967,0.17716151198972277,3.4237384439721805
627,1.5,185.72368069731957,34.0,3.607705247361329,66.71428571428571,0.10457123222600957,0.12496906700588091,0.7516019121113949,0.0675466967224649,0.03977480555774027,0.05529213180897655,4.096396569627865
628,-0.5,162.61607514811104,30.285714285714285,3.209252225214096,65.57142857142857,0.12365196772155745,0.06515443464112486,0.07945703670400085,0.1937785597464586,0.4978438650101647,0.058818159039760134,1.9316344131220005
629,-1.5,170.03453269736974,32.0,3.2458160718357405,67.71428571428571,0.11990889731233464,0.05557065648774484,0.09532872954172636,0.12940760947180208,0.12498053174633199,0.27833349945152963,2.5289794248529756
630,1.0,194.20956055218377,27.428571428571427,3.1095222803725897,54.285714285714285,0.1388302551629451,0.06566118762784671,0.10956293410452789,0.3629483624953559,0.41763969319082334,0.07032720492585563,3.4542898137040954
631,-1.0,171.90435848310793,15.0,5.6957614794353715,33.142857142857146,0.046446060902065475,0.11489667506611753,0.04686851395523511,0.004550521567327698,0.10627484072458553,0.07421629689805853,2.788757432398368
632,-0.5,177.71772639779573,26.857142857142858,4.035647013590587,70.57142857142857,0.12766886926787133,0.05324126972296014,0.3571869751989815,0.36166438812321583,0.06184319124172756,0.10922117333095692,4.1145479584192355
633,-1.5,86.13828978403595,18.0,3.167823589162201,24.571428571428573,0.06445122317156896,0.024631406502786803,0.09836484718666766,0.18237379789104968,0.3870656989992046,0.264832866213063,2.907669482561301
634,1.0,218.3502581524994,18.142857142857142,8.012194147439306,56.142857142857146,0.13457229432283158,0.1825014245680939,0.20543678057350573,0.01343275141320094,0.006800049670040386,0.5194988859010365,4.100733360098307
635,-1.0,170.13445355698786,21.285714285714285,4.7701466249391045,44.857142857142854,0.06614633899672522,0.0961254190893962,0.19525190820979393,0.23797241068200753,0.3421709306702767,0.09009129776353182,3.811281677664828
636,0.0,238.64155053126703,33.0,4.890006664036612,87.71428571428571,0.06679067572209398,0.03975107795628926,0.03306260030596682,0.24603338371072048,0.04031775579244963,0.16307508430522305,3.3440119184471797
637,1.5,143.24129410095404,15.857142857142858,5.3335740664842985,31.428571428571427,0.10395442944327161,0.02599991669165759,0.1381442137320792,0.3910272644875221,0.19951850647042196,0.07878261036884433,2.690440681780151
638,1.0,162.37639817883777,32.857142857142854,3.848842328910905,65.42857142857143,0.0789860320343357,0.07198326640639882,0.17498314054508254,0.25851737373118144,0.15270334070860078,0.2447163125974711,3.237294823565035
639,1.5,203.6905433456192,24.571428571428573,3.3244471045728985,52.57142857142857,0.10538217907188357,0.0468338320445307,0.17499326408410615,0.16254178521173857,0.2651251232352357,0.1506283585150074,1.7324885983776521
640,0.0,164.61210138524203,18.857142857142858,6.564264810797763,51.714285714285715,0.15917538941795384,0.0338742124871932,0.31205880497387123,0.32433884627611687,0.07830361163700529,0.1404743776823479,3.4670946788276265
641,-0.5,132.80103264483174,26.142857142857142,2.9932952493751785,50.142857142857146,0.10378952825781394,0.037275550288649026,0.3841816612916038,0.03605055512438593,0.3572631355323321,0.127571977286204,1.2452111042713985
642,-1.5,133.18220089658084,40.0,2.247724155190781,74.71428571428571,0.10899930300273684,0.08789211517320794,0.24094375239382193,0.11812517383031203,0.0688050474442188,0.33938221163931714,3.0460450880338406
643,1.0,233.85778643909902,23.857142857142858,6.408867494980827,71.42857142857143,0.09217153871592802,0.02060878395656909,0.05684840583311551,0.15044921508104925,0.09920389198118018,0.18793639661144926,4.13403179677476
644,-1.0,144.93820744358663,19.428571428571427,4.565742280057796,37.857142857142854,0.08907735278016929,0.04388700009608023,0.5788493258786386,0.1925035132061996,0.07684254605474453,0.09177016955187485,2.782955658626698
645,1.5,153.47797228179417,15.285714285714286,7.188750563889378,29.285714285714285,0.11034566911260428,0.03555010694813752,0.21165219818456926,0.3693827566804781,0.06123948254196083,0.22390701407077396,1.7708210058806175
646,1.5,143.48433798552077,23.714285714285715,4.236612247348903,51.0,0.10578003292943378,0.0334995637598078,0.24445154382347636,0.2602802128876332,0.015441667546129032,0.07442426259046547,1.4155837112098109
647,1.0,367.368701368931,20.571428571428573,11.280052163490527,69.28571428571429,0.1699091809784401,0.10149184951256997,0.04445834594586447,0.10524158002252558,0.2368355057793224,0.31639341857985104,4.643476109807626
648,-0.5,166.9558972680502,24.142857142857142,4.124102272592545,47.42857142857143,0.07224745900656691,0.0244469832570443,0.3518383186391969,0.2536973967126424,0.14061814192031608,0.14074732520099922,2.7553867030116783
649,0.5,261.9650286764917,33.57142857142857,4.912933290635705,104.28571428571429,0.1377392268241269,0.025430961657728166,0.046172909464713065,0.293713834746503,0.35091955667721975,0.11319832505695637,3.1309330087061626
650,-0.5,247.2452871968678,26.571428571428573,6.051095265943378,64.71428571428571,0.15089140476989293,0.1290118558008918,0.15265567347350806,0.1406910199859742,0.30608860144220873,0.24014476242067034,4.738185909139043
651,-1.0,210.281589169917,20.428571428571427,6.7150856375025025,51.857142857142854,0.1391855371047209,0.04797107598415169,0.17843924573606262,0.3652494958479522,0.27989534838044483,0.0572058476658124,2.459492748647844
652,0.0,112.76061719335694,12.571428571428571,5.251593012270284,28.428571428571427,0.11435211763805633,0.0100548655380787,0.1770270853527664,0.3652771491921082,0.05746531213340111,0.2433189654955853,3.0281410214070608
653,0.0,249.69623919203596,30.571428571428573,5.675304685419743,63.285714285714285,0.10921894198904471,0.07320495982799807,0.11807414129372824,0.2685363334071385,0.15571403010674775,0.3058349275096733,4.004753828980195
654,-1.0,185.53579466247965,21.571428571428573,4.524603923692716,43.57142857142857,0.07825999411981416,0.07323306178872233,0.44007101339882065,0.04581607070656589,0.2981458174439694,0.08735415613322844,3.2124899428621916
655,-1.5,128.04229917412437,15.571428571428571,5.287019966576878,39.285714285714285,0.11034892777648847,0.1290859570977877,0.31783305052847816,0.25926432329129,0.08684398010208537,0.06369149432536515,3.0940478589326963
656,0.0,197.46523910840463,23.714285714285715,4.272364564738135,47.42857142857143,0.1506006482850218,0.14913099817910797,0.059604261199336914,0.23172166457207746,0.42526127809176545,0.18051293525485948,2.3384236183102205
657,1.5,111.54266159652151,15.714285714285714,3.908570413319373,37.142857142857146,0.24684707781888227,0.09992272791008984,0.1546205983464233,0.29394143254873417,0.1668504859937555,0.2791416356648444,1.5853366624779002
658,-0.5,112.54429635945489,30.428571428571427,2.085804848310749,58.42857142857143,0.054748610940285596,0.02562135961463533,0.18975251810332727,0.13659797336620738,0.4657419881740833,0.12644978926153455,2.9039985192683235
659,-0.5,190.84399236612944,32.714285714285715,3.5940615818602764,55.57142857142857,0.12637378703932847,0.03394865207805645,0.06679848378749412,0.022999366660523442,0.1403316274309484,0.5718863548442369,3.9103615782888146
660,-1.5,159.3036852286647,22.0,4.242166354527214,38.714285714285715,0.09297680221885246,0.02274355991735406,0.1672662959937193,0.05804129820682155,0.2572323992803193,0.5054418764960794,3.620540983122483
661,1.0,243.65898099648695,21.428571428571427,5.934811827446945,57.857142857142854,0.2521258025350406,0.045094334813329515,0.2628993393732878,0.2793008507023708,0.025928176710214045,0.33231560832331564,2.7952199088730905
662,-1.5,85.5350073781577,23.0,2.3557095854211276,37.42857142857143,0.07107188819238446,0.03356472674358991,0.14012707633674967,0.024528510179613463,0.3382133448271934,0.2928125589422482,2.2219961088948454
663,1.5,193.24626192085677,18.857142857142858,7.306614262897432,43.285714285714285,0.07971150913298225,0.06091090139074068,0.4538014567041581,0.09722494314367648,0.18759235310740138,0.07201809726657041,3.059477201349321
664,-1.0,204.45813406302685,31.428571428571427,3.213107283818074,80.14285714285714,0.08585049096069894,0.13150274444598595,0.19486961691431465,0.06193769496058936,0.18653989436239962,0.15953556347691122,2.296155106465392
665,0.0,137.10677051324862,42.714285714285715,1.6863966875814047,72.57142857142857,0.1301730232618844,0.130386806400573,0.0213519440385771,0.05924973195368751,0.5134823377426901,0.22335773374011159,1.9209845176330556
666,0.0,204.74851086104738,30.428571428571427,4.160892456704707,72.28571428571429,0.12044360925555726,0.10406902645114868,0.2006992870158034,0.3411752056575295,0.2453184635551355,0.09220810237579175,2.8223182592796263
667,-1.5,111.51272232433803,15.142857142857142,4.935655168064773,28.142857142857142,0.07843459945259403,0.06766767773338253,0.04894078210921339,0.271420292604336,0.00550229687736567,0.22920470140319593,2.997804795316759
668,0.5,113.042375625228,32.0,2.0785317077224574,59.857142857142854,0.12382837521155336,0.04876552343124922,0.4223209699148542,0.20506042686362422,0.11147947574464757,0.177877651967749,2.154645397838566
669,-0.5,176.166670327701,18.285714285714285,6.17232619545244,46.0,0.14574213841825226,0.027891207671529205,0.29490876646191705,0.274805464330801,0.1326421467215991,0.22380758419544125,3.818855377628353
670,1.0,236.37376719027904,25.0,5.6061458055020355,53.142857142857146,0.14277795077650496,0.024760388738272292,0.18838017851840222,0.09316810575052639,0.08456137596167744,0.37101607033903206,4.682645776624055
671,1.5,233.30469814269924,42.0,3.6744597524808498,88.85714285714286,0.11536938316045638,0.05232758040697836,0.16881085501576126,0.07665742941118085,0.32206587860611985,0.28211339836213556,4.4646414821237
672,-1.5,209.30564560195526,31.428571428571427,4.173257925133619,66.28571428571429,0.08631228909723672,0.07811117846812567,0.15100979022977123,0.44252034865844025,0.1138115505006954,0.10085179251972089,3.959062221241968
673,-1.5,118.81450847641015,18.571428571428573,2.570472142899522,42.0,0.14514202788504904,0.08376948753289598,0.29492291965358597,0.1718167396419766,0.2383203456996496,0.11508170096518565,2.0944420049882773
674,0.5,203.5407969306395,24.857142857142858,4.563958646276863,63.142857142857146,0.12952255708303995,0.03152748097860492,0.3774052640267585,0.10168219844711181,0.14103056713017234,0.21379788873675515,2.8473571889678713
675,0.0,144.20721748165198,27.428571428571427,2.2486066145966452,67.57142857142857,0.09097075906776265,0.07133561904598164,0.03254636202236272,0.46610278817069656,0.06274282319752164,0.3198220973524787,2.366859018084496
676,-1.0,97.12532974512297,24.285714285714285,2.1202121866551455,46.285714285714285,0.08160785813633106,0.060497294621383015,0.22665380817299857,0.15726988619439078,0.3530509682293275,0.06397509069461266,1.948365229151126
677,-0.5,180.14247622110958,29.142857142857142,2.731016131250678,61.42857142857143,0.06277952863081308,0.10404313521515605,0.2313680033674729,0.5622759600059873,0.032964995978753076,0.06736465987431571,3.3060635402085703
678,1.0,313.0422148869663,31.285714285714285,7.013554067065525,92.57142857142857,0.12382539689170274,0.02346692549407948,0.1470607491681908,0.03607029762781556,0.09153410830878896,0.29875635119922056,3.2168241561271587
679,-0.5,171.9361257959795,38.57142857142857,2.7753765430857396,85.28571428571429,0.13304156891172256,0.03869242954643345,0.28121024165412134,0.16931392985922275,0.45730509171265077,0.020308475658407755,2.074423096849263
680,0.0,199.78390503736037,34.0,3.5968474944828692,80.14285714285714,0.1647131785010431,0.10251579232087835,0.07037927961922551,0.12179249014532673,0.28109496455207567,0.2769569451730356,1.863852602469164
681,0.5,154.93916898467197,23.0,3.676078436012538,51.142857142857146,0.024929933499623302,0.029018753964832007,0.24590225227871548,0.1295801530856454,0.4806239911044918,0.05690130941286033,2.600231827548175
682,0.5,158.4220490283208,21.0,5.50965595536599,41.42857142857143,0.07334509190013412,0.11304052103018825,0.05993102654332346,0.3279616665910589,0.05211967355124191,0.21236166575577783,3.979556222614578
683,-1.0,174.3326595233911,17.0,6.4466421168613195,35.42857142857143,0.08058821923658788,0.04221052393737664,0.28142896354426433,0.13849178754223349,0.2183774756602086,0.14378868291871338,2.087947890876325
684,1.5,209.11649222063073,20.714285714285715,6.676282106206416,44.714285714285715,0.11508616305108073,0.16351168236318117,0.1334071905066328,0.21859053278968896,0.24975652318849914,0.08568480006200144,2.022246480925771
685,-0.5,191.8979554735493,35.57142857142857,3.297815056338565,79.57142857142857,0.09650231729040798,0.11099376794246898,0.37926877078872645,0.011855354325981789,0.16937638587572967,0.24584018518459952,3.0742073752316283
686,-1.0,164.70526238917614,25.571428571428573,3.7406743111282688,59.714285714285715,0.16830965311819965,0.01809128864644086,0.35199159158909465,0.04256080834207143,0.2614955645891541,0.12746535096725323,3.4113032889467165
687,-0.5,139.44310017307927,29.142857142857142,2.9276950572799967,55.42857142857143,0.06559327756832732,0.03881305761243387,0.047748946128161336,0.1839670393842926,0.25205043534283084,0.3217204227496331,3.1900075865427038
688,-0.5,143.34899020168228,24.571428571428573,3.717729759831885,45.285714285714285,0.10424987046698432,0.060937963946272655,0.23043106521468387,0.1886990870069673,0.09159557998485103,0.3777315335103325,3.2419222628338558
689,-0.5,137.21839452639372,22.142857142857142,3.9952016816192697,46.142857142857146,0.08789533258833385,0.12061061323126751,0.05465189975488827,0.293050436870652,0.11302828575620814,0.3018417468516356,2.8518798186850614
690,1.0,137.30577060137932,22.0,3.2483830765363018,42.285714285714285,0.032698936459966674,0.05329760045794319,0.1648309549745085,0.13597854836228437,0.3720990063496685,0.14758826583520857,2.878709730885615
691,-0.5,144.04047649539427,24.857142857142858,3.6493855886282254,54.142857142857146,0.05437443934685542,0.016349393556945053,0.5437625250222113,0.036499115112458125,0.07305212597191789,0.27486290201232033,2.5336321168599776
692,1.0,170.17279072931476,24.0,4.757750435394735,58.142857142857146,0.08338769938065076,0.028046568951473432,0.025811446193845563,0.18154793117546836,0.5454327824450542,0.16135378922285964,2.287792978852025
693,0.0,283.9974887782415,26.857142857142858,5.932251210954399,75.57142857142857,0.12223974502202391,0.17319160690794738,0.09068194624808949,0.23245290195686674,0.22862391779035282,0.08641661398102596,3.7140238767694633
694,-0.5,141.30219024277747,37.142857142857146,1.9681452034122842,74.42857142857143,0.1146338577717901,0.04267991607990884,0.12895054072437245,0.23236165868863423,0.25658215905502085,0.023933922396671213,2.7335366601511506
695,0.5,188.15134685341644,24.142857142857142,3.6438296904711964,61.142857142857146,0.18735362427424912,0.021914153032874067,0.028691253138879786,0.22867351346268366,0.45636329485777793,0.2562134633250752,2.6628069790421054
696,-0.5,228.82687624201392,36.142857142857146,3.8461769205541483,82.85714285714286,0.12807493848416096,0.079362619707895,0.16238249238349065,0.05988362814109293,0.3160116297088318,0.22361057926123173,2.5146542732388886
697,1.5,251.46951143904752,21.714285714285715,7.2118327575230445,59.714285714285715,0.10144988117039648,0.1369246437502774,0.5198016644751485,0.14083331178303593,0.05120423966315318,0.08612920195669632,2.6287806645023735
698,-1.0,109.05771989215461,16.571428571428573,4.0759063684558505,28.857142857142858,0.04429353964695399,0.0636923512332044,0.10264579464597921,0.3994412294810489,0.03154410342836719,0.10409808686630698,1.4700022491454292
699,-1.0,134.77587017649472,19.857142857142858,3.78158689172727,42.142857142857146,0.1952071151986641,0.02552009592124212,0.03910777182809884,0.22228262295549023,0.14830463132037694,0.31804411891605905,3.6117582213927997
700,1.5,133.13359749715408,19.0,5.172250479687058,39.42857142857143,0.15200641541508367,0.0294297180805648,0.2260965537057021,0.17457482415482886,0.3022320750573548,0.2218221597345363,2.2259515376553596
701,0.0,226.98837254313216,30.571428571428573,4.195266592914534,59.57142857142857,0.15309589217026306,0.12127422031541153,0.0681059412232041,0.017686178920918227,0.18456774484766922,0.24488285762504025,2.8812898796310344
702,-1.0,194.63076845725092,26.285714285714285,4.111977272839125,62.0,0.04628637211200346,0.03451778010799958,0.08514188064516971,0.338590158364226,0.10058248996104897,0.2753870296045597,2.480656817717472
703,-1.0,188.04911145570708,40.285714285714285,2.6946691786191592,101.42857142857143,0.09712761795363116,0.024435410943572804,0.15293671669385286,0.12481693809214699,0.3229485501993687,0.1312667951626024,4.490998690484704
704,-1.5,144.0279480495216,36.285714285714285,2.372345418561185,79.42857142857143,0.09188147746400216,0.08010690800081556,0.6236414288892633,0.042461136886660124,0.10399556934584302,0.1063569275625119,3.591363990831364
705,-1.0,251.28700159544243,44.142857142857146,3.55917372526771,77.0,0.11259467408402801,0.03066115498842036,0.13139675579329121,0.15148695971336998,0.2601776083642795,0.19518476118186803,4.736664527498423
706,-1.0,146.80345920258497,22.285714285714285,3.5452601496413045,44.142857142857146,0.0530303588604416,0.02500997498715323,0.20151931420748992,0.47135527758471996,0.031286056288145285,0.151645122173132,3.6108201478697035
707,0.0,193.17615969904054,25.571428571428573,3.9407612130536984,55.57142857142857,0.07603445064164296,0.06483159054854264,0.37935180639334193,0.394478755088753,0.17729801095658476,0.026915433491275828,2.5132193992897163
708,1.0,195.63671868802143,18.714285714285715,7.071864561240283,44.714285714285715,0.20923755579256542,0.13402299795130418,0.15359035834153428,0.14943379072458923,0.26659570082722395,0.4215194265586853,3.3010099777479027
709,0.5,146.94453203448978,16.571428571428573,6.337845938488069,32.857142857142854,0.1140646982955382,0.031652404646385496,0.014545889413689742,0.2370158767983919,0.12985999583537639,0.4604568142142764,1.91972500057725
710,1.5,131.11597612634222,27.0,2.872377200135017,54.857142857142854,0.08671750291995571,0.03972349335006269,0.22524341077818033,0.10781554058965556,0.11868545048577585,0.03289835445374499,3.4596606020282508
711,0.0,147.7645272515888,23.142857142857142,4.035692227078932,42.857142857142854,0.12978983587489654,0.08257621693208153,0.22747194373950722,0.27892408565212645,0.22606931015642687,0.24705599361778785,3.3072495827972066
712,1.5,116.42784550846515,20.428571428571427,3.4325177468926515,39.714285714285715,0.10772421917137727,0.046583636953643294,0.22213897319684262,0.08665990175788017,0.00048655700169987135,0.18457911062431406,3.884033895952793
713,0.5,229.99670471095018,33.285714285714285,4.418814435849243,79.57142857142857,0.17016223101758732,0.11020284704737178,0.21529869321108808,0.10158864956382926,0.42437768012831706,0.18606103305091992,4.82079213122988
714,1.5,149.21151415466875,26.857142857142858,2.7485486308881075,49.857142857142854,0.08284322897010635,0.04545088809635742,0.309313430822672,0.21858530884318841,0.23615936487256703,0.12089706622444064,1.4425003341740146
715,0.0,180.57270771272096,20.714285714285715,4.811625458747425,45.142857142857146,0.0779509826582347,0.04657414475691933,0.16754073378560044,0.13666419335431113,0.28202455250890374,0.09744430964448074,1.5750662567345302
716,0.0,251.54232443321283,16.428571428571427,8.751414121825182,40.0,0.16657942972089965,0.10988342498895066,0.3750758677213493,0.09284863525288768,0.04284970732897956,0.2564852848535567,4.601236382538334
717,0.5,179.97262100031256,27.0,3.7806656473037754,55.857142857142854,0.17548237398386313,0.08956933492154659,0.11712565066910506,0.004601063806834902,0.5924264344307643,0.04830933233879951,3.2400429911816837
718,1.0,158.371246193965,21.285714285714285,4.157718937235504,41.857142857142854,0.20653915841830647,0.09789738185311661,0.3867712732387024,0.17333091172276568,0.041410994354744664,0.17087290382408768,2.4247213002539225
719,-1.0,120.4573953460856,18.714285714285715,4.675781796273653,40.142857142857146,0.07319492778059479,0.06557243558486807,0.11618037988627893,0.33283451463711416,0.036020250086107757,0.32460435457914577,4.462011912362781
720,0.5,134.15000401177446,13.428571428571429,7.7887838697470055,31.0,0.14242209169441875,0.07961654276849639,0.06450030177088999,0.2906417531291364,0.3547148660146697,0.04924646166212492,2.30265914800973
721,-1.5,176.3433599422356,23.0,5.002368856771202,48.714285714285715,0.09722038814631748,0.018695797659718738,0.05956331332976271,0.2932735156262755,0.09618244743763606,0.4254770121086162,1.751558889672252
722,-1.5,183.20762549443654,22.285714285714285,4.849611942983744,51.42857142857143,0.14595941930355083,0.11745425125520105,0.3116984012696875,0.020405714431253427,0.38056574636592116,0.09598131279607823,3.643746964295796
723,1.0,153.28939085866037,16.142857142857142,5.551285404354674,35.857142857142854,0.16804715231555306,0.042734557439730356,0.4652160178667054,0.12756440020667367,0.07987904740070109,0.023080982674157414,2.9239427287823903
724,0.5,116.83446569670456,14.571428571428571,5.3725785814947695,27.428571428571427,0.08399768512774347,0.026882396952069867,0.41767786425948294,0.21271257322329423,0.16706239509355,0.20110259239658085,2.897662515310129
725,-1.0,208.39458920436832,17.571428571428573,8.190347569135541,42.142857142857146,0.13183204028325654,0.01222023126587475,0.23528246308460915,0.07530206552173964,0.17767100885900572,0.4569233525071557,3.0139035348241703
726,0.5,260.3107624731587,27.714285714285715,6.607123367961383,67.28571428571429,0.1601856841334399,0.013235493946349047,0.3702133143571539,0.1795772240260331,0.09503018759022994,0.2759484602236223,3.1419374782217755
727,-1.5,148.36853354325217,18.857142857142858,4.112853843163343,41.0,0.14999485259823506,0.1158872832005507,0.24383469089351786,0.23696347613726873,0.12155216533548834,0.031067037701643367,3.0969995869839666
728,0.0,114.72369734470944,19.142857142857142,3.8283298358480953,42.0,0.11846885606616357,0.10091163750173614,0.1523905258003604,0.08957328550655809,0.1387484678538737,0.16521547818791885,1.9578540201839887
729,-1.5,251.672626371145,25.0,5.876415142079356,70.57142857142857,0.10239898169754924,0.021677414276500096,0.14855023450326418,0.47721652659390107,0.05524153356404781,0.02349696274810231,4.432091212507352
730,-0.5,171.02401241488647,27.285714285714285,4.510428068753213,61.0,0.14974190809967072,0.0699636149841469,0.4046339678465903,0.24851640470759176,0.035791798217241724,0.23478775102917035,2.1273229495779473
731,-1.5,308.20359664437404,20.857142857142858,8.892950450376386,52.285714285714285,0.2241582923477152,0.07804333456583132,0.05385850924823824,0.6359550730360993,0.04500529073442544,0.1297183605522466,4.564145186512208
732,-0.5,198.90225816670724,32.285714285714285,3.950950213395595,70.71428571428571,0.07631783318943565,0.11401439509875491,0.17041459742618104,0.05749139042677146,0.1712480182963948,0.10831005959834765,3.2548087713447873
733,1.0,205.71511000249765,16.285714285714285,7.20457000658693,40.857142857142854,0.12548953865747633,0.1082866904389854,0.27224104105248265,0.26308894122044,0.056765655812091836,0.08914024081045932,2.8534890553109147
734,0.0,253.7517621379411,18.285714285714285,10.023853548069805,60.285714285714285,0.06334600296806,0.021243440047194966,0.06802120936311029,0.4471169665756485,0.36692840449449177,0.05826415242044417,3.778311061838321
735,-0.5,189.89790309782796,40.285714285714285,2.8975118517704916,109.57142857142857,0.1871884038378502,0.07662151021088534,0.16070044946749507,0.3497992178154173,0.27597879780388324,0.05345486891027748,4.49123948604612
736,-1.5,116.35807062413167,37.142857142857146,1.8536815906904982,66.57142857142857,0.10441292056428708,0.046155328901473,0.1325221666549275,0.424584249406317,0.14173239569519883,0.10313580313760067,1.2938383021853077
737,-1.5,109.81153191720928,18.571428571428573,3.910916883996115,38.285714285714285,0.06733557786624998,0.06466294943126799,0.13142324583881854,0.1169340110117146,0.2947410349376603,0.20775329226711567,2.672169471487827
738,-1.5,194.83521628208203,20.571428571428573,6.174953304629495,45.714285714285715,0.08076634777821971,0.08125330601900335,0.04171528807380605,0.46704601085373243,0.12646778908307293,0.30141324536382125,2.0663450916104846
739,-0.5,198.80654770875535,31.714285714285715,3.758729625711778,70.85714285714286,0.10375071779937005,0.06384150116673816,0.35623725258333305,0.0028024441797336094,0.5077092150697193,0.041024380198513184,2.3396390399515754
740,1.0,163.23930679177698,16.714285714285715,6.923651726799165,38.57142857142857,0.07367556336558785,0.030881393117268226,0.5011148568058965,0.01914227501394119,0.2711452569867195,0.07613595595033246,1.8750988943166638
741,-1.5,148.15762619449404,16.571428571428573,5.326658991001608,34.0,0.058982622719833566,0.07275389726530287,0.19814777620246704,0.37786213428444254,0.037480681154012284,0.17135369699210137,2.2474565130975246
742,1.5,165.54846950026177,15.857142857142858,6.593422201954697,45.285714285714285,0.053899447872538406,0.013706513566488289,0.2255069277522255,0.11371438341412507,0.5188300981555157,0.02780827709091078,1.694053806782133
743,-1.0,144.6795410564865,21.714285714285715,4.457823465530204,46.857142857142854,0.06868028047293086,0.054597985321216264,0.11990066954165993,0.039334325789640585,0.10348634459163007,0.6075852527657178,2.7609585734532422
744,0.0,290.3989595953761,21.285714285714285,8.235182942206945,51.285714285714285,0.14116073581478453,0.07054396083768052,0.16007000860753115,0.33500402579562916,0.3717447523611282,0.09476208259028394,3.2748124304740442
745,1.5,102.5173216017832,21.285714285714285,2.6895405779074273,41.42857142857143,0.03586557694909541,0.046893520429063223,0.3183414125617834,0.09275179945800376,0.3866980980773224,0.027969291060793728,1.3175424567176046
746,0.0,180.95245412300866,41.142857142857146,2.793443210358415,98.57142857142857,0.1119748511179962,0.0851527771089112,0.24653064471440025,0.10288705672354376,0.2223700580882651,0.17887734102812802,2.841273765305881
747,1.5,156.06667024142783,29.571428571428573,3.0958025950158308,77.0,0.07411205943136912,0.1073833130560332,0.060728733031302044,0.39307142701394115,0.05815416881352426,0.1750817723139652,3.0358673615085987
748,-1.5,165.68478257958623,24.857142857142858,4.117933982602025,56.142857142857146,0.13236078938583107,0.05146097462104288,0.16658958239730276,0.11556599224282423,0.42683376794903705,0.21140098461020235,3.878877230546222
749,-1.5,220.55237655704357,34.714285714285715,3.956212296220498,77.28571428571429,0.1682487131834512,0.1225602479954707,0.051775318475912546,0.11682663216586706,0.15883105030534964,0.30000038418364366,2.3459522038329554
750,-1.5,158.32809946619378,19.428571428571427,4.854431469229166,45.42857142857143,0.1696788535028618,0.1289941122619158,0.089689859393789,0.14841233084122188,0.17692083047598428,0.4902465383974413,1.532122813324813
751,1.0,180.38104506587348,19.142857142857142,7.586300755079325,52.0,0.08057490822274932,0.04605218327946538,0.18576054419902993,0.0,0.2468516027569211,0.3697120963697821,3.4305502460030395
752,0.5,164.3828312319736,23.285714285714285,4.984175539300993,45.714285714285715,0.13527534469539446,0.05661401163728821,0.02573132630887928,0.23702400115002054,0.28546920204668685,0.2066729693829418,3.499499638418128
753,0.5,182.67870954390622,27.142857142857142,3.109413887696043,58.0,0.11488409389217241,0.007247297876133516,0.17061242326190224,0.028731167662935365,0.3056326405054178,0.3264090086142992,3.8188184379406187
754,1.0,152.2598030140068,19.428571428571427,4.057587811179586,43.142857142857146,0.16804837473228523,0.050917617565569756,0.22281844470439713,0.11068329181364957,0.1533237270452667,0.1823713863651957,3.533738064142982
755,-0.5,194.43149239299328,20.714285714285715,5.258872605876923,54.0,0.11297089333453936,0.09171598094252546,0.198712431414566,0.2622802997381597,0.22542764455460382,0.03048707326498034,1.6110011779777615
756,0.0,158.54359563896566,19.0,4.506443398901771,43.714285714285715,0.19913979764002218,0.07994116754102441,0.06405385554415989,0.14611957195039257,0.125845761388894,0.1676553365018254,3.1385935766989355
757,-1.0,122.66317140445838,20.428571428571427,2.7332260188738338,43.42857142857143,0.12009293113577994,0.036954401767290014,0.015321718574369002,0.29551845434475765,0.10887143218258287,0.16807090153638565,2.349427962581728
758,-1.5,180.27732410199542,29.428571428571427,4.058757544458607,59.857142857142854,0.10933313568274913,0.037769261865189946,0.5336692116186809,0.20813896531325515,0.02888679807498637,0.12969540978781904,3.891170364994722
759,-0.5,159.689156815152,22.571428571428573,4.596411772511653,42.857142857142854,0.07248956164897769,0.03563057059093477,0.2325430214149866,0.2592162233421653,0.18895569764443473,0.16827365324834512,3.8837765918238376
760,-1.0,229.3638053016411,43.0,2.921345610300036,128.42857142857142,0.10633841216098741,0.04693321334823163,0.053418453434459126,0.028108406357263867,0.5247014854551804,0.25994897867555106,4.720119922224507
761,1.5,123.69970661077286,25.428571428571427,2.645163480553181,48.57142857142857,0.08105430295373513,0.02744262953586456,0.112527823086817,0.12367305934796666,0.1453723290156204,0.341916227772085,4.5489826386621
762,1.5,167.94759931468022,36.857142857142854,2.583948358618103,77.14285714285714,0.12140327681092081,0.02299964193080325,0.23195355946462284,0.06001927665922675,0.21257222018824207,0.11357928822025362,3.3467653767518777
763,-0.5,140.61990979087304,20.857142857142858,3.988489363848309,47.42857142857143,0.08928954081281387,0.020507078887433302,0.32497359960301503,0.31919026055583355,0.04078399199161511,0.19111485282425664,2.638265741941912
764,0.5,282.53126693610864,30.714285714285715,5.650853379519461,88.28571428571429,0.1249713988236422,0.10168929676763622,0.13101028082135943,0.07298141654265501,0.2528252202337872,0.12338850564599556,4.158644711641778
765,1.5,119.52612055346549,29.857142857142858,2.6955204343502426,62.42857142857143,0.08654043965506293,0.07883473431599726,0.1250420653545178,0.1899369893858584,0.22955396566184386,0.3478576660452278,2.5399298157467216
766,-0.5,159.97360589038846,40.142857142857146,2.340977045396604,72.71428571428571,0.08117217497746601,0.051948024430982356,0.3443220780691307,0.3200178566018736,0.15281779506661594,0.12610408734247683,3.1082914361808474
767,-1.0,128.80356782427643,26.285714285714285,3.0328398083351336,52.714285714285715,0.08557250819931415,0.06551568401269972,0.16069348143113524,0.17735142366027395,0.11487035175564879,0.2981468510069498,2.1059542424757587
768,0.5,128.4002336608086,24.571428571428573,3.661912671420602,45.285714285714285,0.06578567390918817,0.054322973690710465,0.04659774226525333,0.3310818621817232,0.010736251762069831,0.3149845838761865,2.7101352488673776
769,1.5,185.8322446643847,19.571428571428573,5.174910147970425,44.42857142857143,0.16162846574266634,0.08181024066241231,0.07421830164134281,0.15821447558315316,0.24875989247897853,0.26241884673550286,3.10776738511693
770,-1.0,193.1076617734306,21.142857142857142,5.691499213195398,43.0,0.1337257851933891,0.08270096109514974,0.01625803306365418,0.08996292616770549,0.5782022125636005,0.23076871712313862,3.2703825240093103
771,1.0,192.40690141184584,16.142857142857142,8.981824964596486,35.0,0.06878518101188257,0.051757319819759916,0.1452647579899944,0.20168961720561918,0.1704836679075049,0.18860187351872937,1.9784900899060338
772,-0.5,161.92428393872078,30.285714285714285,3.6225150959534784,60.42857142857143,0.12123842325756497,0.06150898699653397,0.03265932895692457,0.2704983289241653,0.20430561040571021,0.12397814196139596,3.449699811243006
773,-1.0,134.69583753753525,24.714285714285715,3.105855859309908,45.714285714285715,0.05324552156934411,0.010871678425806747,0.0187527857070336,0.21546389123467968,0.07763078947625845,0.34245674216894806,4.189941238297726
774,1.0,229.37233537354567,35.285714285714285,4.185450922053612,77.0,0.11735807139664244,0.04211746279168082,0.38246827870114863,0.3993770034494067,0.02858549225619454,0.11164560310427926,2.142041377066881
775,1.5,157.61569924773517,17.428571428571427,5.423137739755055,37.142857142857146,0.10167427609884433,0.031075882636480895,0.0777640950507736,0.013837512394289143,0.4651535140425639,0.33553153506473415,2.179344953314415
776,-1.0,114.72581240960264,17.571428571428573,4.083450952304209,31.0,0.064370000652166,0.05751180340369476,0.22001504809274056,0.1137757004820468,0.20902421855050113,0.16872136000320562,1.9199988358590956
777,1.0,191.3410351535969,19.142857142857142,7.174489761420382,38.142857142857146,0.11863248396509804,0.057853499082743794,0.07052757658055035,0.01040386490910571,0.29765572768761195,0.04104812671751968,2.8455013438497136
778,-1.0,165.7083298822385,37.57142857142857,2.5280155908628896,80.71428571428571,0.1847916537180509,0.1333438536460408,0.21649546893470328,0.44043854752766465,0.12901681022902603,0.041465917643533655,2.7093034778430494
779,-1.0,103.19885427483091,21.285714285714285,2.42538991248127,37.714285714285715,0.1578489279858413,0.028882951243552606,0.10491330197034174,0.3300107704896694,0.08555250322940508,0.14899762709232722,1.2117235640742032
780,1.5,165.72812661977804,24.571428571428573,4.514112955999883,61.285714285714285,0.040365255103632994,0.023843051692995956,0.3907926694611708,0.07389492443183181,0.12602979973594636,0.3971887813503038,2.3587210760838517
781,-1.5,149.00563872841147,27.142857142857142,3.0124817366271284,45.714285714285715,0.08141699134282801,0.06353612678821806,0.3814808280224487,0.19321008238994575,0.17808189312949263,0.12899911815315537,2.1051231740835306
782,1.0,175.26959539067138,34.285714285714285,3.0161190319182554,87.85714285714286,0.1063817461919039,0.012889127921938569,0.09577784854321893,0.18333881435009483,0.49805123137856294,0.08477983578772756,3.588297865631875
783,1.5,151.13107507790238,29.0,3.0934137229202703,55.714285714285715,0.0917698545724581,0.0309950351040008,0.15486731388595107,0.16838347820119168,0.375334950339703,0.22230113142597174,1.8164056092402396
784,1.0,118.60628738747671,13.285714285714286,5.9196310949531625,27.714285714285715,0.09617094532082598,0.09186153913839001,0.24064653268592015,0.017806863029661665,0.40308698500614526,0.09011775639081293,3.7053821392096578
785,0.5,160.11084427217995,30.0,3.6421745575303337,60.42857142857143,0.07617352103374074,0.023407882840100116,0.22596003648528923,0.019536032161334316,0.02793315743300737,0.6350592840361473,3.2022566314882264
786,1.0,175.52768881544566,45.42857142857143,2.5765352447092162,113.71428571428571,0.08827945621701494,0.05236157807187363,0.3852151070215673,0.03991609557308524,0.2436111064761307,0.0874190363276451,3.0707136522029415
787,1.0,147.6361889994836,24.0,3.7373494644157668,50.0,0.062018772424709,0.08273047467460118,0.20095976700000823,0.13074303302715545,0.29819425571602054,0.13471975614990142,2.6443272823206474
788,1.0,128.76519425059956,23.285714285714285,3.349611238931186,45.285714285714285,0.07799397842896592,0.07547696947496639,0.04473370825372515,0.10102942681048191,0.15310479532277615,0.17502325187955947,1.763723421966478
789,-0.5,200.0637047517855,31.571428571428573,3.3762355113008744,72.28571428571429,0.1636922909725566,0.023038882228543327,0.10838058286002061,0.09516768875914389,0.22925288878434538,0.5261726531247439,2.920036450499264
790,0.0,129.77055774956915,25.857142857142858,3.0986886599546275,52.142857142857146,0.1030357243305784,0.08813889642424715,0.41696164945673736,0.057619525863521134,0.15205524269591658,0.28429085143576727,1.871859377473289
791,1.0,195.52777943509955,25.857142857142858,4.726398869897549,63.0,0.06458878514208416,0.03106078544179785,0.15107626681800226,0.05379007682132818,0.40502238427381393,0.09742625664675413,2.023378918935988
792,1.5,143.34088193303256,15.571428571428571,7.087735219247402,33.857142857142854,0.09975448471169013,0.02965410866591102,0.43878814990789655,0.21715328168752893,0.0843515911957419,0.21472053281812964,1.5505685074984252
793,0.0,183.3769918370162,40.0,2.3018372166738916,82.42857142857143,0.07241707040588138,0.056960243518223104,0.14501522201991995,0.2358361960780004,0.2402251196400848,0.25672406733597314,4.011924015110628
794,-1.0,122.27309907325512,17.857142857142858,4.2041043790954795,40.142857142857146,0.08212683796477646,0.03243166700507809,0.38940329690752634,0.07180297611541726,0.2370520832160302,0.14986481089508685,4.103959840412715
795,-0.5,95.24509883619002,17.857142857142858,3.2510527791280306,36.0,0.07600783957952942,0.04789953682518636,0.13402716587424518,0.041050724518582805,0.26808417438387533,0.5039069322356762,1.5047638552458618
796,-1.0,138.76318543353187,27.142857142857142,3.786366818113425,52.0,0.091714365907409,0.04506738498991488,0.03229450273621467,0.15925552478711455,0.0974832250239751,0.2962505134619781,3.9913894361922795
797,-0.5,91.64450625723926,15.0,3.7893091117210447,29.285714285714285,0.10869627074910532,0.015410037816234975,0.04873367961886817,0.03226586324097092,0.7324875092702042,0.007878788148815973,3.0946358003203542
798,0.0,272.56080235106464,47.142857142857146,3.543462350501138,123.42857142857143,0.10793008340072585,0.06392299579587925,0.18143574893294712,0.06990391494716412,0.023213637638905615,0.4394654053122136,3.812260496248697
799,0.5,159.34002345997922,13.571428571428571,6.562660088056013,34.857142857142854,0.13725124239421196,0.071496563147415,0.2058655851100807,0.2120418016871829,0.20523065157775297,0.22888557137071408,3.118231807800725
800,0.5,250.30423017953197,38.57142857142857,3.735929927510906,91.71428571428571,0.11738828331946367,0.08107652996344938,0.2792056770268136,0.16773618516593738,0.17218320837984422,0.11484864369857659,2.7883509469077383
801,1.5,124.4261741127351,16.714285714285715,5.017471124732407,32.142857142857146,0.10326005704990196,0.0961721397184762,0.06262177664689259,0.26715546493426534,0.22100130717806604,0.38848341385212437,2.27226634113545
802,-1.0,149.15540252925106,21.571428571428573,3.8939879404967805,45.285714285714285,0.07106045610631175,0.06405256781843875,0.086054640412946,0.471891716183807,0.18296645565571104,0.001306765027861629,1.8297882837882884
803,1.0,156.16181832718556,19.571428571428573,5.083643932042545,36.285714285714285,0.09484287075523168,0.0978511695936928,0.03504853525122451,0.06058976391612064,0.5053255509124576,0.28004734608731463,2.865258921771863
804,1.0,193.02194098901947,22.714285714285715,5.619491996643343,60.0,0.03555453307558536,0.06744292747944099,0.14960611836528356,0.37841116521290097,0.14801656218541104,0.20173119496701417,2.021430077600775
805,0.5,234.02838454903647,24.714285714285715,6.237742195998962,70.71428571428571,0.1288494570680613,0.03452046101040875,0.22584934663868161,0.026645464484103216,0.6543597753625605,0.044014898435085034,2.8512648744467888
806,-0.5,202.02418970922704,37.142857142857146,3.402540287698514,93.57142857142857,0.10439200728678663,0.04488021347157965,0.3054947419457548,0.2588240824858019,0.15938135138420173,0.21639688416261357,1.9693659652977424
807,-1.0,135.0064237117841,19.857142857142858,5.064223483338451,42.142857142857146,0.12520613627776772,0.1503693168469482,0.03831447433635272,0.09091232304190064,0.011221593478390083,0.2870736993711629,2.8775800711747506
808,-0.5,227.05323614136083,32.857142857142854,4.351678579195675,71.42857142857143,0.1271241187541324,0.01631883814765842,0.6125440037661054,0.03877111412142697,0.19229175567668333,0.10145800777639814,4.321638889287793
809,-1.5,181.72414128964326,19.142857142857142,6.281329648031459,39.57142857142857,0.13729993873802618,0.053585356718087084,0.10800694687975772,0.18446121973733354,0.4712603559265989,0.19152136863997715,2.63637145027655
810,-0.5,210.68374742498705,33.57142857142857,3.7484062474377366,74.0,0.09858361213053835,0.03256230756963067,0.2370268201403493,0.008143897068233513,0.12021518981642308,0.2168943037336105,4.168433494145194
811,1.5,152.28596606524383,29.571428571428573,3.1139779617220547,49.285714285714285,0.10361618154688147,0.12656825937805205,0.1198396173892621,0.32714692379156834,0.4069416692011704,0.0643129146951224,3.3269942203404272
812,0.5,200.11842469001655,21.142857142857142,5.505483959536329,55.285714285714285,0.08773613148232264,0.07767173539041645,0.23752078197536303,0.20686740969566547,0.37966488175058555,0.08363604868618466,4.45808505153615
813,1.0,127.27911167273119,24.571428571428573,3.1509344981996668,50.0,0.09075003047087885,0.07365554490053677,0.2552422057793784,0.1402339024888606,0.3305991899501475,0.13448219209316076,3.08245542492995
814,1.5,194.57334241809926,25.714285714285715,5.330874263526746,62.714285714285715,0.11969834697200535,0.0796339340493649,0.251205539133709,0.32888562645807445,0.02557697013343022,0.03462776856275882,2.2983102716213173
815,-1.0,159.314646439786,27.142857142857142,3.400702470959139,51.57142857142857,0.05928388458798895,0.03133606888048759,0.20719241376469166,0.5938714764942842,0.05054806366906017,0.1313844762470915,4.0726912664549655
816,-1.0,163.10879792743359,34.142857142857146,2.406169361169208,69.14285714285714,0.05108684405554279,0.012063559647656336,0.10717600319625743,0.1200608986662763,0.3188647544961056,0.26408130932569207,1.812572654875176
817,1.0,236.59582846739093,37.57142857142857,3.172077762632117,105.0,0.14304554712689976,0.039793702639049286,0.22814435576747114,0.13966775796699374,0.05439983251530072,0.5184118916499217,2.8888882053710883
818,0.0,161.41504976057755,14.857142857142858,6.375239665010369,32.285714285714285,0.06389800471195024,0.05050281546454345,0.3032939895415462,0.3303834715313479,0.16819334585529472,0.07284757912502253,2.417630968636955
819,1.0,110.16665003178704,19.714285714285715,3.045883446512528,44.57142857142857,0.10988480329049016,0.028694268117591428,0.16735620407076743,0.054263634531626616,0.581393455271322,0.09464659579022193,2.203595625835393
820,-1.0,112.04806205044169,15.0,3.925105694455912,29.428571428571427,0.14021243527939153,0.12946179187370177,0.1736766506885717,0.05111220865889709,0.5132753157874456,0.18950457757916325,2.2062287799114406
821,1.0,185.4841178363633,14.0,8.885501935688733,34.42857142857143,0.12534711866538953,0.04280905473999827,0.14186301874427296,0.2829967219816215,0.3891682612792807,0.17089363455963918,3.2422899384321235
822,0.0,216.44779370536094,20.428571428571427,5.449441405844868,54.0,0.19948268697424296,0.03264368025871902,0.28463483150418667,0.02071533227861676,0.4384456655962628,0.059359249600332765,3.343524698669473
823,0.0,181.03567981272377,31.857142857142858,2.7451776269200363,75.28571428571429,0.12961836457984438,0.02803892693435808,0.36499139106041245,0.2039001882914893,0.09451694699255248,0.059309075636029926,3.3631537680585097
824,1.0,169.35261403295846,20.285714285714285,4.497681769440124,42.42857142857143,0.15279904221883742,0.044129335263087696,0.04452751991816267,0.22314341565121332,0.2442073027102423,0.05186836104015395,3.7349088218142446
825,1.0,177.33346302431855,30.857142857142858,3.0159746558313074,71.14285714285714,0.13731832191146798,0.028238779177710758,0.0798939583458574,0.6645417902777632,0.09325901531755572,0.04876637427680142,3.8560405078499667
826,1.5,233.0495596441012,22.285714285714285,7.897783871058442,55.714285714285715,0.19329334079593502,0.12712773178491352,0.09811973087614285,0.13376158642884245,0.3790425852315865,0.049941107978591075,4.756432007226447
827,0.0,148.40452370215363,24.571428571428573,3.6824739217818747,54.142857142857146,0.1198641361112719,0.08160554685940397,0.21042276256444398,0.20937378266131812,0.3835404961297368,0.07578259183109752,2.616126405394757
828,1.0,191.6854539455824,28.285714285714285,4.050108745476057,65.71428571428571,0.09728108972375399,0.07699313565795209,0.12561239360632165,0.028862385846101485,0.07466260897324421,0.21513210766916413,3.4456919418374925
829,-1.0,230.52493705381863,22.857142857142858,6.7932427440046546,53.142857142857146,0.0565155456367004,0.07501742917273181,0.07085527393715117,0.2900830304828075,0.36665773817590047,0.17152086929441387,4.342159170002201
830,-1.0,243.26790853891205,29.571428571428573,5.4323946797540845,75.71428571428571,0.1116829097996297,0.1506111374792275,0.21461356174821197,0.09951870203326886,0.1943895507310346,0.1910889629659277,3.1844187024985726
831,0.5,126.60923415817471,22.285714285714285,3.6446947084536516,43.42857142857143,0.06588252782017906,0.04176374445039122,0.0912273989114732,0.5716659573263996,0.28391852477199764,0.035532477101222315,2.0786386691438024
832,0.0,255.57701059534642,23.142857142857142,7.073330715842516,56.857142857142854,0.1323565461044856,0.05393413792267603,0.3307068191482995,0.11469900253999707,0.3613408505430849,0.019831292305303276,3.3854977991634034
833,-1.0,133.20290012074634,20.0,4.025356097038008,36.714285714285715,0.09970406832412976,0.10664636075074643,0.5615712654093888,0.041294161877186514,0.24863029747398,0.0781605802063822,4.191318232283742
834,-1.5,115.62076592160157,25.428571428571427,3.0501595125513967,47.57142857142857,0.12950288174421357,0.011135759908278626,0.16080850069014246,0.05005273931224806,0.07591246346943437,0.4397597928891816,2.979201831229143
835,1.5,184.18177842270876,17.571428571428573,6.342512671428499,39.0,0.13613134975486127,0.06933428861249565,0.14946456814507642,0.18304982705509382,0.12671191347777538,0.2557945987490332,3.8984528376440686
836,0.5,129.55308964347262,24.142857142857142,3.6588808006139346,50.57142857142857,0.07837672053463085,0.05175822466064615,0.27654047098331636,0.06205370752349173,0.23021082940877832,0.2135868211516066,2.080313704128538
837,-1.5,198.76088330276426,23.142857142857142,4.675382553354607,55.0,0.11884554016755051,0.04788525165526558,0.41307051932810274,0.17050320968259416,0.11641436064165163,0.26477301728033137,3.6438503274091407
838,-1.5,271.8602670705516,20.428571428571427,7.972620282954274,54.285714285714285,0.0902118553073073,0.09956113822516567,0.16851234183159727,0.061392657059023685,0.20832777326115282,0.299094140802954,4.573231819460107
839,1.5,176.63059317206844,20.285714285714285,4.777214746581112,38.142857142857146,0.19633380234155703,0.11727233256537689,0.022811950827920653,0.22042838407591095,0.27860587325163644,0.415072165088057,3.5031804407167577
840,0.5,216.23618456791596,31.857142857142858,4.385997160873874,72.14285714285714,0.06406328368186275,0.07858317188314348,0.05457183068624593,0.23069384039602533,0.1829100339406427,0.309410767240059,3.033396866742434
841,1.0,160.66296928832566,20.714285714285715,4.644192424704708,37.857142857142854,0.07827675332838607,0.01887282037881899,0.345424888942378,0.2755067520297975,0.2028631610095437,0.11096818055210993,2.396304700281415
842,-1.0,170.25282485842735,33.285714285714285,3.3857927191274673,70.71428571428571,0.08288619534999285,0.13939492047143456,0.1223017147054564,0.0877954638348656,0.2114356003334896,0.21909576272427875,2.028318676539871
843,0.0,98.04147198026415,15.857142857142858,2.27581155907855,26.857142857142858,0.1749931252615318,0.050546471343536785,0.005263371945732599,0.05348833146902616,0.4511279058003321,0.41733769231993667,3.3518135184846387
844,-1.5,119.44898680890371,34.142857142857146,2.0761826854609406,73.0,0.11845694247637947,0.0405139498317554,0.28084215150996245,0.29602173451622726,0.12844169045880666,0.2355272704189711,2.1687815715242937
845,1.0,193.44671527321458,41.714285714285715,2.786240764183814,87.71428571428571,0.15034353005111264,0.08466961263718438,0.06951221785711448,0.28741299646343615,0.2767586378348015,0.24573319640293712,3.0886863520700514
846,1.0,171.28826042768293,17.285714285714285,7.296134199351138,34.142857142857146,0.07521466515973081,0.06207808839963342,0.20888369930036788,0.18432796863892803,0.02926165098340997,0.38891319717297823,1.8995933190157515
847,1.0,140.84419760403034,35.57142857142857,2.5730493609491716,70.28571428571429,0.1596220393542471,0.037684015194569494,0.12790720080533174,0.16697753784124295,0.3195197549082514,0.09219998403766157,1.8540554380996792
848,-1.5,191.12140603572843,51.0,2.034136131426405,112.71428571428571,0.14793382466505675,0.030149469439768612,0.3156281317142501,0.41764269772496593,0.19532242050648385,0.04527606682587483,3.2063098305268
849,0.5,147.7176365586163,19.0,4.981438851082905,38.285714285714285,0.14645329145233604,0.09655109279916212,0.27944411707651,0.22029369575130747,0.06259501098962605,0.30410683036000263,2.040070841062204
850,-0.5,189.57184162163523,19.0,4.917094071208158,40.0,0.12005532065522953,0.11266659626228592,0.0016476871185232725,0.22666033243909173,0.16451949653106385,0.5572339529456763,2.9797127428829717
851,0.0,188.83865260997047,19.428571428571427,5.444728796036006,41.857142857142854,0.15715919133850206,0.15169235839668238,0.08585907610810457,0.1390511640643223,0.2831979382095582,0.014094563913133728,3.005967110702341
852,-1.0,203.59145923333057,18.571428571428573,8.441042488740973,43.42857142857143,0.10446625102460319,0.0643872516454315,0.37980105566234607,0.061934574046980016,0.22013035292551075,0.07684148032045851,4.590553355121417
853,0.0,191.20860720221313,18.428571428571427,5.557473062415272,37.285714285714285,0.08027913707466734,0.008531644697912203,0.13396237009429887,0.2468630378430868,0.013549130124178818,0.5581009291086149,4.197750938709593
854,0.0,179.5784863697278,25.285714285714285,4.950468304661513,59.57142857142857,0.106233468465039,0.16817881930451037,0.27006549632436366,0.34308639149290804,0.14896461611738795,0.044255530734102086,2.601603615345465
855,0.5,217.78654299954937,28.571428571428573,4.059666989338261,81.85714285714286,0.22167876400174302,0.08550212737593145,0.18176563362253917,0.3700244670591894,0.12457922319941749,0.19951074958242518,2.0292741036141866
856,-0.5,181.3702444363999,20.857142857142858,6.333876601430127,47.714285714285715,0.10504789796223045,0.029967432519168734,0.22414157905511045,0.029207940415350117,0.3587177499769503,0.033031668185073054,3.230699534532033
857,1.5,173.56575913207413,28.714285714285715,4.192322945135439,72.0,0.14872321718896167,0.015140609780753468,0.12385634714257125,0.18438619294751538,0.2650928888429086,0.051349105451428664,4.172386002702021
858,1.5,211.0519974683296,17.714285714285715,6.551090247742518,51.285714285714285,0.10864606112391935,0.08334281157538641,0.027600728706104142,0.1270496768398168,0.413741377317398,0.2541836111642221,3.8765750311232967
859,-1.5,198.60375946417773,18.571428571428573,7.1140819220860045,37.857142857142854,0.06327821039417547,0.024216903071390104,0.017947679793347677,0.2516465072624323,0.3484901119064774,0.2634913666139734,2.7332164384564823
860,0.5,183.80511877291062,26.142857142857142,4.65973370947296,63.0,0.07425152503195509,0.05185847511728205,0.11710111036042495,0.5608492527140752,0.12774613486298897,0.06281501689767602,4.087853853607051
861,0.5,192.4540594520557,28.285714285714285,4.128965453199099,54.857142857142854,0.13745472876646994,0.1483229651869729,0.23752886691170164,0.15913100518102433,0.24259184174189166,0.18048573591574069,4.465857196368198
862,1.0,115.76685669592999,10.714285714285714,6.082467739597163,21.571428571428573,0.1667253707985445,0.0385213770830204,0.15531624098896848,0.33135538439696033,0.07247037212273638,0.3033117742328001,3.343600297263806
863,0.5,220.05368446650397,18.285714285714285,7.366501111798687,46.285714285714285,0.06502955096059017,0.05006143598878655,0.10949786702722507,0.28166494747690984,0.14649857181016346,0.18555329352184077,2.8421390994165514
864,1.0,285.6982442181869,21.857142857142858,7.599033575262245,60.42857142857143,0.10964136766285495,0.05262778346009474,0.014039323699038592,0.09545093067469493,0.18532467506414185,0.090773854687851,3.7911164163753974
865,0.0,134.38531513698703,11.714285714285714,6.142275588938816,22.571428571428573,0.09757024168708738,0.14433355391009722,0.04521175499657039,0.19200760123406832,0.20056021381111624,0.256723648289819,2.6011909720748774
866,-1.0,174.53379133149897,32.57142857142857,3.4713542393203864,62.857142857142854,0.10726546295156479,0.06149357627029215,0.02969508719670006,0.2623430868011609,0.35205926710278573,0.08936886625334786,3.2819252730729893
867,1.5,203.40903723446783,17.142857142857142,7.114937689144554,42.142857142857146,0.10304334111508688,0.04881616649264054,0.25248478164744753,0.10046019612461385,0.06435702653027944,0.40065576895729166,2.9002402352123733
868,0.0,191.52616300914102,14.571428571428571,6.186661873181877,33.42857142857143,0.03399507211345155,0.03346096058204906,0.0750345113502161,0.12259917850969101,0.324248813015964,0.03838917048348406,2.7413439757748526
869,0.5,182.3240775344816,28.142857142857142,3.3979913646105153,62.285714285714285,0.1022401944140277,0.056681073421263835,0.30812388072978986,0.06543839309105234,0.2087023269019732,0.4165903360859706,4.073665818624035
870,-1.5,156.2643543745228,16.714285714285715,6.627122258133986,32.57142857142857,0.15283780370966787,0.0630840624674009,0.39911446803625394,0.35037163371752955,0.10016852476215983,0.11374403007387776,3.85296078807114
871,-1.5,124.4157943707251,29.857142857142858,2.5242934653660116,63.857142857142854,0.0432463109545274,0.06332912815367414,0.36135084416207675,0.10897181027469624,0.12389110496295408,0.35197063719414884,1.7021282661825259
872,0.0,202.55601315304187,21.714285714285715,5.200564541303224,50.714285714285715,0.09908639036554322,0.04478094134762666,0.09646338610842117,0.43041235149671303,0.04902546699452716,0.26992436257614516,3.167254051704905
873,-1.0,139.21373871011448,21.0,4.130189411939423,48.142857142857146,0.0869428065061023,0.022506875934123604,0.3297514244384034,0.22051684007747427,0.14766691296967346,0.11679361321774027,3.8830256245123556
874,0.5,135.38469673535283,22.714285714285715,4.018234264216189,45.857142857142854,0.11514198322554497,0.11518988236917972,0.4332595368313048,0.24003865936676175,0.057037212631666605,0.0001989289749209564,3.4833294781957886
875,-1.5,328.9528917805706,44.0,4.88502566033248,102.0,0.11867591420227915,0.02656993978289527,0.12188135489759178,0.08599012623905578,0.5263919002626893,0.16330663076689222,4.775428354090259
876,-1.0,173.39652634910894,27.857142857142858,3.5136561022255277,83.42857142857143,0.13709171067436465,0.021258987347165262,0.30001578468166445,0.30983289645202955,0.26200015753677997,0.015121431024429723,3.578219837029623
877,0.5,179.28816422687987,21.142857142857142,5.361281754391376,50.857142857142854,0.1394201215810838,0.03545080626703085,0.09875518864754769,0.004874195376190843,0.0034539068192299314,0.23001238799078438,3.601903986885826
878,1.5,202.27124201134842,16.285714285714285,6.789723852985089,33.857142857142854,0.08649671287674113,0.05912600089390339,0.17207267648963576,0.19672239757467122,0.37035046279542405,0.012646201025017633,2.6675767331412605
879,-1.0,184.9615369677529,20.714285714285715,4.234003876461882,51.42857142857143,0.1513551674434263,0.041195272263701184,0.03365596309848724,0.13125992845847248,0.19176459500440923,0.3453619731610036,1.083051320426388
880,1.5,197.13789195203208,31.285714285714285,3.3363683081605995,85.57142857142857,0.1374994500044854,0.06969689843418594,0.25909641690976304,0.0725009912949178,0.31200367542547053,0.10609601300302465,4.280932748323131
881,1.0,233.25608439053693,35.42857142857143,3.8057669014845246,106.57142857142857,0.08140997593302657,0.09237546481360344,0.26394067326859727,0.04286400789955124,0.1205919477706995,0.35619280227421773,1.662400887698667
882,-0.5,146.82885358765802,24.142857142857142,3.41137501727881,45.714285714285715,0.15404263544176133,0.011506518104476943,0.1119967537348205,0.2777301918121636,0.3523347115606266,0.19976065868426493,4.712737634399273
883,0.0,133.85817637099288,16.142857142857142,5.246951776205191,40.57142857142857,0.10284866524526406,0.05780205478966355,0.16992938178233855,0.01919864603015561,0.29411538474775906,0.13470538643471663,2.3075923394332296
884,0.5,179.8132552834103,22.571428571428573,4.85854953081742,48.285714285714285,0.13523738096053636,0.03611387625298377,0.14219919224282826,0.1765830729478968,0.2574920902494717,0.17003870397329726,4.1670293963176785
885,-1.5,134.75724514139495,20.428571428571427,3.733999533217051,44.857142857142854,0.09430303721248078,0.09901980916427655,0.251390373126617,0.002481556296917885,0.42224497425328333,0.12564821930856668,3.2747249258256472
886,0.5,124.05501845869222,24.714285714285715,3.278440369253797,50.714285714285715,0.08048361818863779,0.031490564191696276,0.14860990424985981,0.5106156187748855,0.14209918951639025,0.09090732087862771,3.375613843366697
887,1.0,162.0930488237117,30.285714285714285,3.632682890695935,63.285714285714285,0.10394877746327282,0.021071434588064864,0.09428340680335749,0.1379654351415448,0.1979010401860206,0.0681428317356458,2.9509447605610855
888,-1.5,176.23183433986569,17.0,5.706604282267093,44.0,0.17859495395539154,0.04004108903377291,0.062085209466914267,0.32664122290023834,0.22243232062530502,0.23387072706909104,2.8302719884828447
889,0.0,131.27473347892246,18.428571428571427,3.945701381615866,42.285714285714285,0.0789736170570646,0.024422358162655932,0.47288942961951236,0.27941609933303907,0.11759654948502948,0.09735610926784107,2.6704217870569495
890,-1.5,170.43173339203153,17.428571428571427,5.4868922244447464,32.57142857142857,0.14379220474868254,0.11440449397022845,0.007782881063338436,0.20378475535152615,0.176482375060485,0.29335273040045806,2.4666128968384666
891,0.5,182.7592221867487,26.142857142857142,4.939444782041139,54.42857142857143,0.10707827360658756,0.0784597314457112,0.1131874305568022,0.3771914979036817,0.32595824977861587,0.06873563959313952,1.982559134307518
892,1.0,109.32228222323981,21.285714285714285,3.0437544419027045,47.42857142857143,0.10092917841483415,0.020402830079003512,0.20475615509734826,0.13175750771036193,0.36506623077008454,0.11218402077447572,3.3013468926428615
893,1.0,243.61500561624123,25.142857142857142,5.606839303671274,72.14285714285714,0.1189874566358729,0.03110348469036617,0.20531784343073278,0.3702210322767725,0.16942763347765624,0.10810781571202158,4.742450257832143
894,-1.5,161.39713050653629,29.714285714285715,3.255440530664782,53.285714285714285,0.10404692636169979,0.10656913113003338,0.12900332986533833,0.04552629810206588,0.0,0.13079271686253316,3.401983045491404
895,0.5,226.84615145621075,30.0,3.6268151618885174,69.57142857142857,0.10390925401137749,0.06596120650743088,0.08900203990067579,0.4462480690561258,0.05420097793809439,0.22252869123968325,4.0748525177799655
896,-1.5,152.51450546668366,20.0,4.345684533098059,40.714285714285715,0.09308898295637066,0.049683383931898785,0.41405645718834644,0.035981036991944756,0.49657643604453716,0.02164427746414485,2.1573222306242092
897,-1.0,155.1058434193531,28.857142857142858,3.864752566929253,63.142857142857146,0.10495121673300456,0.010458467199645506,0.26372033346291024,0.19920531587275564,0.037823557010774056,0.19121186963570866,2.8417873015286625
898,-1.5,103.49515708601396,20.857142857142858,3.3393833805220705,40.142857142857146,0.0734796371511531,0.10315477233370975,0.0706898690406646,0.32600543133149995,0.3402892624947342,0.10489049539740182,1.4682418046460617
899,0.5,159.3926485192607,25.142857142857142,3.760924522720943,51.57142857142857,0.11661327082678802,0.07946264558737426,0.05178983007752831,0.021230771282216024,0.2765626515022701,0.3299243311848318,3.997851358094176
900,0.5,151.98693175355643,30.0,2.36305825586724,66.0,0.1161584470738323,0.026045501536301727,0.036142246451215165,0.4250787502303093,0.46777945308039565,0.06357277946320217,3.0045738992812914
901,1.0,123.84396871337715,16.0,4.9215752195142795,35.142857142857146,0.19205578524437067,0.04010774864510632,0.02399888204263812,0.0854993214211373,0.06301901071574355,0.5021590673257394,1.6035387030997468
902,0.0,267.2742120103577,15.0,11.702916240872767,37.57142857142857,0.280913172409813,0.15672661953570688,0.4465045154734532,0.024933024829847144,0.2906186382449519,0.0224692169069264,3.74199117939451
903,-1.5,165.76360261488202,18.142857142857142,5.672882387766042,35.285714285714285,0.11529377917988139,0.051520003924665755,0.053514798550051944,0.061035325125840444,0.4097251749991272,0.07280821245025554,3.197213376982979
904,-1.5,144.3657701204137,45.57142857142857,1.5529216849530736,85.28571428571429,0.14127640879873066,0.10706598048276728,0.18965859074817856,0.1360036366754411,0.027439203099738404,0.21214354668053795,4.4042382895474965
905,1.5,194.66917060388346,18.857142857142858,6.777997695080906,45.285714285714285,0.18784580136958146,0.06178438771975395,0.07023000442606535,0.18221755272744797,0.15339670756413695,0.11747848416262573,4.006601792384002
906,-0.5,112.51424410124343,21.714285714285715,2.894261339646863,45.142857142857146,0.05447440485694291,0.02306432742211079,0.38494079229732936,0.05274234309657659,0.019447385487504236,0.269559541459369,3.591468241845608
907,1.0,217.4008995434331,27.285714285714285,3.841960639904321,63.42857142857143,0.09611204523244131,0.06076971155580949,0.13030425563242473,0.09006437306911273,0.24964343977836626,0.4460963786526121,3.9047138312633094
908,0.5,182.23854665023063,28.142857142857142,3.625834265512335,70.28571428571429,0.1551700106916174,0.025920196737411375,0.18755528216522244,0.21276463354788053,0.34884943223477705,0.17243488361972037,2.874001679934371
909,-1.5,117.34067482066361,40.714285714285715,1.9507807478052872,74.42857142857143,0.07823777107582573,0.044946993387636254,0.3370475625500688,0.3419549543831714,0.04878315625807454,0.040518832252359714,4.26269622384355
910,1.5,119.90271227288102,21.571428571428573,2.9457836898528984,43.142857142857146,0.02675221029290027,0.03288455167442888,0.28017394192616024,0.30716464187488024,0.01805242264366239,0.04463573663624539,3.6310753128486803
911,-1.5,153.2114444155589,28.0,3.238196876502199,69.57142857142857,0.10049083632005593,0.09243282421676119,0.06106780274390771,0.15030263190884138,0.0807286392855381,0.1420555692907817,1.7799204797859682
912,-0.5,142.46846014756576,20.0,3.950719779713871,39.714285714285715,0.1753172484506126,0.0400516865930389,0.30190157957535113,0.004585960942185201,0.10430525353606583,0.28378038656668725,4.539750727682428
913,-1.5,234.26986589877495,22.857142857142858,6.621896451206067,47.42857142857143,0.16224683984573735,0.07012944934165924,0.32578317833501386,0.36086145940275205,0.07420469868713778,0.0707209479498877,2.546140156816473
914,-1.5,257.3371939573516,24.142857142857142,6.921264261565367,62.0,0.16476391514904803,0.07103647713232829,0.26075977209157797,0.04791657791168883,0.15702858832973587,0.383631179654111,4.402451683630563
915,1.5,223.1106056697325,29.285714285714285,4.514466225403104,87.28571428571429,0.12358147418483431,0.0523390659027005,0.16645818561423997,0.07438351172614661,0.46437957063206636,0.06328389775281797,2.2935226300717364
916,1.0,232.67564879722315,23.428571428571427,5.817395493182033,51.42857142857143,0.21286346527596034,0.03314167464078352,0.28748593774054276,0.3017250070412513,0.2676246804960881,0.09240710541140616,3.641198674112478
917,1.5,259.85254967802865,27.0,5.147856274398266,69.0,0.18553804404580396,0.10069284004017194,0.16693512692816342,0.1354425041954132,0.26404857096917117,0.13125931447433237,4.3344337030360744
918,0.5,158.09193216706743,30.142857142857142,3.0126184078763023,64.14285714285714,0.08077723933958116,0.051125590912967665,0.1936303317182868,0.18957005577658748,0.26465540441228524,0.04263232029515635,3.5166989131295066
919,0.5,88.00504548196989,12.428571428571429,4.423578138902396,25.714285714285715,0.1393937367161214,0.054521921130402246,0.1987285690468795,0.25549319534911186,0.2403189077037242,0.16254453783739437,2.0821320662393186
920,0.5,174.15612891261043,29.857142857142858,3.7777883868772086,61.57142857142857,0.03915679188491927,0.04717992941769753,0.11841928156092962,0.520721844567043,0.21255988035711024,0.02506714159020677,2.7582601063307752
921,0.0,161.44600367398957,21.714285714285715,5.85612342267205,51.142857142857146,0.1357172499258415,0.03762905187109194,0.12419197387643864,0.3045662619242885,0.17611361659046296,0.03261834053691875,1.611321447622243
922,-0.5,184.00507905217395,15.714285714285714,7.2519841904487645,36.42857142857143,0.05189747309929268,0.05860492088540894,0.14995074829716556,0.26906495851036305,0.08933899309117047,0.33437471576147443,2.5069263195431466
923,0.5,152.34690405565203,12.285714285714286,7.258336215366654,25.857142857142858,0.08439560373648648,0.015934674534304832,0.060338855417378524,0.07058025874217408,0.6604345406009471,0.16534824210673138,2.536157950892565
924,0.5,252.14139359454558,31.857142857142858,4.4756151966320195,73.85714285714286,0.1559526818758164,0.11626525750608567,0.12048785119505454,0.0883081857428861,0.33664891809415887,0.34155814681250174,4.425020570274785
925,0.0,129.2955461465512,18.571428571428573,4.28970056335379,40.0,0.08201279966414858,0.10208323840362982,0.10047845487829409,0.13254691073657085,0.20384751986500935,0.2366250754298657,2.0707168646502536
926,-1.0,244.37314282316137,26.428571428571427,5.890989718827622,60.714285714285715,0.16451923847792488,0.03802144960176457,0.11578639158165382,0.0662915873139002,0.4983063280764561,0.12749433549865388,3.2583354642869033
927,-1.0,209.13503539238314,21.285714285714285,6.843403807892158,54.857142857142854,0.15531285514675,0.07074875287631431,0.1812213944274267,0.18810266320055793,0.1495150912994622,0.09360121686965509,4.722531018297497
928,-1.0,202.17406940216105,31.142857142857142,4.404900355744109,75.14285714285714,0.060667224052005995,0.033033495751566694,0.20800556595450598,0.12109919414887896,0.12828107080041923,0.06921053745727206,1.6038296200184843
929,-1.5,171.92477420961,22.857142857142858,2.8132769708113567,43.42857142857143,0.03925617165918089,0.06528499596963339,0.31166488374690726,0.3611504194683431,0.16266047329676228,0.11600739480314684,3.1580918525897865
930,1.0,233.66563548763378,41.42857142857143,3.631222244230366,123.28571428571429,0.08486863603880089,0.028022263604617747,0.23934112099640756,0.32077560092809076,0.2575971292946794,0.06982835187572023,4.6039891021810675
931,0.0,195.82695723783925,28.428571428571427,4.420710892968492,65.14285714285714,0.15149497588566377,0.0760543670748961,0.25626291745027013,0.05126770877340443,0.4991780189086874,0.10934409200547458,3.5573639010631886
932,1.5,201.4555576752362,14.0,8.876380873843697,36.0,0.034041824421494817,0.038566158647651665,0.19431897293411157,0.3314913804504752,0.08354855539293889,0.2900573950754443,2.8707560956963847
933,-0.5,158.76191706799437,11.714285714285714,9.984363837969042,23.142857142857142,0.15188886672588914,0.05988759075473037,0.04173480592780797,0.21613668453644425,0.04508332743628215,0.05621875990224416,3.430885093884243
934,-0.5,171.88380350140602,28.428571428571427,4.429544266443243,60.142857142857146,0.12591503213942742,0.06255261060789151,0.18017168272447373,0.16185196426659987,0.14993362246916495,0.469090627662302,3.318246241963487
935,-0.5,142.10401360713738,18.285714285714285,4.077801329527068,31.285714285714285,0.18769875630885424,0.22933514940179364,0.5204502948705982,0.15815984628412225,0.03406929429688801,0.11203472007538653,1.8972054246182197
936,1.0,197.76681355829655,19.285714285714285,5.692241967020268,37.57142857142857,0.058330622150570305,0.08085710259005248,0.2300636267791229,0.16655387315839632,0.148409123960272,0.1749690143368029,2.681914375555439
937,-1.0,156.41503634334964,21.857142857142858,4.7674467130188765,42.42857142857143,0.2019566698394243,0.031038277089819547,0.33523955123426885,0.1366092304782245,0.3475328935439093,0.0159515111249482,2.9968285489723794
938,-0.5,148.78848638649092,25.857142857142858,3.855504099571029,53.42857142857143,0.09721981193632435,0.015011788199551993,0.24721731877802072,0.019146323119342144,0.17140103456338368,0.1812366962014698,3.1522629672146945
939,1.5,297.7874138754284,34.57142857142857,5.829155992478611,107.85714285714286,0.08201453762619111,0.05379543098983015,0.36678367596201117,0.17420701107259984,0.2790999173003888,0.17522494412902992,2.2940714860160227
940,0.5,166.89982583996797,22.428571428571427,4.276758695021123,46.285714285714285,0.11320899209923461,0.03701684096632692,0.06527480149054052,0.07849786245050615,0.2083556242525372,0.5301458933062906,2.8264612568369416
941,1.0,153.34157395385836,27.0,3.792722459949031,59.0,0.1532975490310228,0.13662376157549022,0.02645385478319316,0.5852465221889656,0.22327010101776745,0.09838669365822607,3.0878093031951033
942,0.0,149.77077172615714,28.428571428571427,3.0169296984839256,54.142857142857146,0.08329962185578191,0.02722677554987191,0.36842868186501837,0.1554570171082445,0.04149452745406752,0.2925949979666322,2.7483898884179423
943,-0.5,154.92276814089684,21.428571428571427,5.1851410144559225,42.142857142857146,0.11593265036857175,0.04716675129229329,0.4737719925710296,0.04819608772046858,0.12455956887834395,0.1704294203947124,2.484354733388805
944,0.5,147.60007015860128,30.285714285714285,2.892227364511599,57.142857142857146,0.12275506397843743,0.09948322860232087,0.15915792110663057,0.2367685125850729,0.06691380831079083,0.2619579732593549,4.55334238237173
945,-1.0,161.76574222480053,13.857142857142858,7.100654839229689,29.428571428571427,0.15419807979240327,0.04448663539605463,0.0779226414391745,0.2972445475877219,0.03884067773813864,0.3795084402441211,3.5988613730787824
946,1.0,172.95078091623594,30.571428571428573,3.4521943835200233,68.57142857142857,0.10332200906458583,0.025470662052835123,0.12971056363886727,0.03941824639910928,0.4867082797601704,0.19531710269526784,3.038159179567528
947,0.0,139.81003383186749,19.857142857142858,4.4021269642704395,47.285714285714285,0.16803783410567844,0.04645603807203724,0.09181334303345812,0.0895796538768147,0.4297687913691406,0.29229483031511866,2.1327177804146453
948,-1.5,126.97201663575733,18.0,4.125663760597009,33.0,0.06134375404991119,0.04447446329612911,0.13346583690823008,0.19496881484735432,0.20547787169313297,0.408063694287523,2.820673883278806
949,0.5,203.7283701217531,25.285714285714285,5.346832365235698,68.28571428571429,0.10369558495639138,0.03817882077115624,0.17455207427749797,0.1773421932668281,0.38145274687226943,0.053063428245228084,3.306623284946922
950,1.5,159.63912864415855,22.571428571428573,3.944975044184208,47.42857142857143,0.01381147303367714,0.06827407780696784,0.007716444482447341,0.470386335839983,0.06951438967084962,0.3307136080778894,3.7292138952678
951,-0.5,155.51386059161152,41.857142857142854,2.27517304543095,82.57142857142857,0.04576711497771704,0.06743164558972553,0.03081536165198355,0.1334625817302262,0.29778318723135233,0.4362098276198879,2.886090576519922
952,-0.5,136.14505991369955,35.857142857142854,2.4985232164627758,66.71428571428571,0.07281765462125736,0.06340109899136342,0.288395823580654,0.05657644980851382,0.1739179919865764,0.2773441389554226,3.379578409666842
953,-1.5,210.22788890226124,28.857142857142858,4.2472587353383355,60.0,0.1611006116306049,0.16369100315112078,0.12825928910722004,0.1298697489805308,0.185004770183371,0.2410436906385541,4.045947675791005
954,-1.5,141.39885740867325,21.428571428571427,4.184696522113235,35.142857142857146,0.14378794103868633,0.03714681386918259,0.1845104498771001,0.19105164750027154,0.29605609245633324,0.2568662567528587,3.1347075956661183
955,1.5,148.00739945815752,11.714285714285714,9.806368998858062,27.571428571428573,0.08550450728628856,0.042483534013510266,0.1485084726673024,0.09214948792768243,0.14059645647266586,0.18309189347707636,1.8719381769449859
956,-0.5,173.2986024216829,12.857142857142858,10.008279694031845,27.714285714285715,0.1009769953694116,0.06638035639522394,0.11661366281054096,0.4312747921769288,0.13851250980446644,0.3029594882831585,1.9890501012316348
957,1.0,166.15212348509252,25.571428571428573,3.8301897991880103,57.42857142857143,0.07706368400943209,0.0845112363651595,0.22309404666235158,0.06382953740635344,0.32364504229322677,0.19563216646072676,1.8333207972002499
958,1.5,205.4771454525534,31.0,3.1291190187272484,70.85714285714286,0.14861001570993154,0.04268892102584425,0.39378512943169036,0.06932421019586167,0.07823898568834184,0.21459318862617707,3.8800125120900377
959,-1.0,212.69492091350074,35.714285714285715,3.0905989040692687,87.57142857142857,0.15116001044651473,0.062296151513524654,0.24699883970605763,0.4112236222856971,0.06760934205836035,0.034774806110592145,3.918431883839656
960,1.5,181.18472562453965,23.0,5.474456493912782,56.0,0.04634334019664125,0.029525764325864793,0.21782654099068735,0.36452479523160947,0.014038685905068822,0.09929959637162745,1.7804053342736537
961,-1.0,166.54305508537217,31.428571428571427,3.3964436588993285,63.0,0.12823619219468682,0.1299954157273675,0.052005587610744884,0.02616199444255856,0.37962563383759207,0.43560050482243834,4.466337282859138
962,0.0,197.17153810612322,17.571428571428573,5.4538838944803745,39.142857142857146,0.08601881041172543,0.05885030428275999,0.14385436966219617,0.03526941952798476,0.2881875884502679,0.25484400098612287,3.464500535327346
963,1.5,209.9933569132568,22.714285714285715,4.110996836398341,57.0,0.054395438823819295,0.060022439218977146,0.20627037138846752,0.09642494090306945,0.43535863224716614,0.07433448467615546,2.7968003506952996
964,-0.5,124.3261634690281,14.857142857142858,5.1422263100782875,26.428571428571427,0.10511499833258377,0.07720832505703244,0.10576453662515987,0.33475668470184544,0.1770936570599146,0.05890517275958668,1.816516165337985
965,1.5,122.5610366829515,30.142857142857142,2.1896051112927353,52.285714285714285,0.12363443803413922,0.06236259822990633,0.1321289775735164,0.14238798531016217,0.19145621155809467,0.3409319079722923,1.6369835259891756
966,1.5,153.55575507212902,16.0,5.456397259294649,33.857142857142854,0.07507050248883164,0.007854740232385879,0.20221399984840452,0.0070793631348120434,0.21902080634181598,0.3575144689178508,2.347678603180511
967,0.5,109.69538880538741,19.857142857142858,3.970811531633628,43.42857142857143,0.20967072286466673,0.025008722477069686,0.4199864216700875,0.2977748458185945,0.16536231289023764,0.006273413835312727,4.20984684619414
968,-1.5,158.63452358731337,15.857142857142858,6.973963071104574,33.142857142857146,0.10639963373523935,0.02977199096015047,0.15260226959378392,0.03390107675874611,0.1520890771301042,0.20945357626322703,3.298866237305138
969,1.5,159.10625449035817,30.0,2.563555747441998,74.71428571428571,0.051159721757339904,0.008817980201472992,0.1357537446833706,0.2201140076507642,0.07460167348474421,0.04433835079497027,2.474761110619869
970,-1.0,93.64168223105314,29.857142857142858,1.7278037635791743,64.14285714285714,0.15976296824564734,0.03198083135442808,0.2567997654968515,0.2268195278769328,0.058728036690603516,0.2568691996731437,1.6421310857844795
971,-1.0,104.16763709719336,21.285714285714285,3.2527011729785604,41.42857142857143,0.0879959034149195,0.10905227670519942,0.044117544579198725,0.6079461378991734,0.11510400043139977,0.1050205840577271,1.4774533604814288
972,-0.5,231.40735529229144,36.0,3.462841152804011,75.28571428571429,0.13526914680135313,0.03593508307467607,0.10530696108881787,0.441199444884929,0.2214083675394842,0.1461059635177431,3.275278616243735
973,1.0,140.41186759595035,34.857142857142854,2.3725952688018186,70.42857142857143,0.12851121416127895,0.00092852468519126,0.2971734926477139,0.10493787637024485,0.03816266425501519,0.16191993391840015,2.5362404576703677
974,-1.0,167.76290190013677,17.857142857142858,5.087322507197652,44.857142857142854,0.13966732392108955,0.07849981401858791,0.0902686166799781,0.019730762892785216,0.12595050528024349,0.02971616290686889,2.555340469186153
975,-1.5,192.07712846579972,41.142857142857146,3.0832064435637228,90.57142857142857,0.053947031610809576,0.052089246603083346,0.030286350848012258,0.343436824169877,0.2518891232492166,0.33405934624097855,4.42002384359907
976,1.5,138.50339348495245,22.142857142857142,2.995684043077499,50.714285714285715,0.08965560819580806,0.040645335207669685,0.17414482188937153,0.14084297415472344,0.1724872565357801,0.15787045535086364,1.7651278797347865
977,1.5,187.96882386961843,28.285714285714285,4.273892923377131,64.14285714285714,0.1264910847691981,0.0320272480080508,0.1330865086553241,0.3082127246292329,0.28716307020304394,0.045095006247177806,3.9964168832732048
978,0.0,287.68157681406444,38.285714285714285,4.641914805970803,98.14285714285714,0.09684413037629526,0.09930635093943745,0.2528150541100211,0.021452917229131598,0.10739320506038419,0.40139335290369105,4.57709391455472
979,-0.5,205.5120468345402,26.714285714285715,4.328020108909863,62.714285714285715,0.12423324083923774,0.04071090359021258,0.30034674226173463,0.21720566593280277,0.21103952271187698,0.15034203459920586,4.051706234257858
980,-1.5,137.34633096991905,41.57142857142857,1.9083987336087518,75.85714285714286,0.10085706896741817,0.029401976104198972,0.3757990487075601,0.10386103496806334,0.12955903651742812,0.25506870067286697,2.8335463561058285
981,0.0,249.86155006840633,33.285714285714285,4.7466784388304415,81.42857142857143,0.0988010516120051,0.07366922587814666,0.2693564727865429,0.3084036891457896,0.06914550033667183,0.2317469419852282,4.335779948183379
982,1.0,299.3303154860384,19.0,10.370907055146821,44.142857142857146,0.2260111214346047,0.11296636116617118,0.2311783203328369,0.35743127029885835,0.15936143234437022,0.191844255565824,4.275269358390892
983,0.5,133.51096896444582,13.428571428571429,5.918400687005796,32.0,0.21462192626714205,0.03977385492115609,0.1295722299259368,0.23243605931145278,0.042782472216532155,0.23029997665264945,1.9620944971578447
984,0.5,118.0631879348501,17.571428571428573,4.744888186860673,38.42857142857143,0.15038805782355993,0.05011487400233816,0.09744590418423577,0.14299041093131404,0.44511141196292475,0.10995984638395453,3.441271113989208
985,0.0,145.64583815814254,17.857142857142858,4.490362150890985,36.285714285714285,0.17541281692542304,0.056697575977811214,0.22999079177473358,0.18840082241614065,0.07536131717689858,0.2795678978211151,2.9315121647976503
986,-1.5,141.10033238868007,24.428571428571427,3.379082205337274,50.285714285714285,0.0920591249976097,0.05847660294191158,0.07573956452707756,0.02326707758647641,0.4153772377471639,0.3997423600877041,1.8986184429691237
987,0.0,198.84903097800355,21.714285714285715,5.104276869900798,54.857142857142854,0.11701086075601959,0.024131900122452716,0.10692632401331634,0.22134454268014483,0.502717420670101,0.15618272341927494,3.223557517292465
988,-0.5,196.60065836278702,28.0,4.625970363596156,58.57142857142857,0.15107396628165254,0.11421070882404309,0.10676318536926524,0.01489764533120508,0.14696941027291033,0.5137645339553562,3.77080913226787
989,-0.5,123.12570270996957,14.142857142857142,5.072562229957382,31.285714285714285,0.14397097846488183,0.08891692915470156,0.14884919852160658,0.041517710473116344,0.5042491678685515,0.11152159287239884,2.650690970077984
990,-1.0,159.5390795917709,21.571428571428573,5.001345870900327,48.0,0.0600586382171269,0.010384092937968672,0.09996385426792397,0.12619175598172339,0.6005484244532395,0.1468360770678933,3.029105843825462
991,0.0,216.26754649844426,28.857142857142858,4.408441787216573,68.57142857142857,0.22970443072858163,0.06754731879764846,0.12914733177075402,0.1233442651676582,0.497071284748238,0.1449210514857624,4.670545860205658
992,-0.5,145.55003414499873,28.571428571428573,2.517488671000188,61.57142857142857,0.11188237558023513,0.1614856633453376,0.06097063756210266,0.06553035019675525,0.40767557060092735,0.22016235345036725,3.0491521834372652
993,-1.0,186.06246882462818,27.0,4.02249014890888,74.42857142857143,0.10999567606367146,0.03921098153329231,0.08438609469086303,0.00041000454240054126,0.14731698287325196,0.14816496235340484,3.7817721625302996
994,1.0,109.2307061898698,17.857142857142858,3.4630617865299698,31.285714285714285,0.09261107337132098,0.06421971094389077,0.08059644275264807,0.12585722830701868,0.1377629974267187,0.030678297767948046,2.1098834435420266
995,1.5,111.6697828436518,14.0,4.57759638048749,30.0,0.16224074935133004,0.00821721455734134,0.3765100884869727,0.26561051809635067,0.04678708458534275,0.10230377667384966,3.0115263505903895
996,1.0,190.1244743741585,30.857142857142858,4.2541292312560515,74.28571428571429,0.043197420151866436,0.037137839982862804,0.14579051185701702,0.10086439612853505,0.2194349651878144,0.07556923478527307,2.701568842581654
997,1.5,187.6870355458172,21.857142857142858,4.74322501254503,48.285714285714285,0.1720113177818774,0.031166927040216418,0.2019098567189896,0.11163414884936897,0.08478292965375768,0.2749667204655144,1.5477397392115995
998,0.0,184.38364413948534,25.285714285714285,3.5572155727070816,53.857142857142854,0.04766769206280509,0.019699874627428293,0.10799499647042622,0.3731380786565837,0.2687260016622164,0.14253632342002404,1.6115361783546311
999,0.0,181.72020413465512,22.428571428571427,4.313219590511936,44.42857142857143,0.11260881481810998,0.12492005595074149,0.2130100172965227,0.4349185969319754,0.12973973093061852,0.15346027083660346,3.912372894030874
1000,0.0,128.0766717829781,23.285714285714285,3.0805788918985937,45.142857142857146,0.08122603835284332,0.0661147626503035,0.3387957735162801,0.415651798559824,0.18114391704041694,0.020563957643675784,3.3056021978470906
1001,-1.0,94.30173761392884,25.714285714285715,2.151061930143793,48.142857142857146,0.052364939446985184,0.1424427172455084,0.13606480209525773,0.27877533890276496,0.1243074431556434,0.1699479985590356,2.253652927266784
1002,1.0,215.56622421787435,63.57142857142857,2.1002413343727495,163.28571428571428,0.11924019625787599,0.12198433848237544,0.19817038343770252,0.24981816085508754,0.1342211737089575,0.37448393571175603,3.15342078029165
1003,1.5,244.34346179229016,26.571428571428573,6.032255948243492,78.0,0.12162969248911604,0.08741420047466276,0.06636736355491951,0.40937979998315704,0.18301379968660517,0.2819945117019622,3.9740387464724165
1004,1.5,184.94292963643915,27.714285714285715,3.7508559193124977,62.42857142857143,0.14340359467803407,0.06106738213241657,0.18925218021369092,0.37457182681234036,0.04101429053426181,0.049708533874989524,2.797243245662578
1005,-1.5,140.0767505059907,23.428571428571427,4.1676659415981,51.0,0.07663893905565738,0.021568191460750476,0.2566779389194393,0.10138859993449993,0.25433928555230373,0.11043545942688447,1.7488257055141805
1006,-1.5,267.800599927345,30.285714285714285,4.872147155935567,66.28571428571429,0.16092074231207448,0.05765511205710436,0.039784120991799676,0.26533657906496916,0.2447939537494709,0.2613209451576959,4.303363528949621
1007,1.5,170.93779049858907,19.571428571428573,5.519518748009351,42.0,0.07613490933510172,0.04530860864481119,0.25646150343106316,0.1718889346312608,0.223148742033206,0.20149185831645983,4.462576707799402
1008,1.0,167.78895601093225,25.857142857142858,4.046335848899737,71.42857142857143,0.1361693118089588,0.0781940331303563,0.2744841308782333,0.011977358421727867,0.2823811772081891,0.11927859576345508,2.4721337618480277
1009,-1.0,191.82366905138824,27.571428571428573,5.175994160743458,62.714285714285715,0.15955510495877576,0.12709606745627602,0.24497484198037903,0.0,0.6507680698288076,0.004419825317060086,4.0513170576737725
1010,-1.0,112.87035220984139,25.428571428571427,2.9644020238499387,51.42857142857143,0.15362925072994488,0.056557648580230116,0.28213633398586,0.2673236865796028,0.1831112505448518,0.2622735057660607,1.9915432022064028
1011,0.5,115.21890106697379,15.857142857142858,3.687602704275017,30.285714285714285,0.060031832037036735,0.19140473980171707,0.15910950875513422,0.4402684367541843,0.24524152004457003,0.058494629465710206,2.2507753510664887
1012,-1.5,110.53428381240165,20.714285714285715,2.9879844841417684,37.857142857142854,0.24749422497541787,0.10215835615692109,0.09424758315600366,0.6557311535122451,0.1304636634884238,0.03244365761248271,1.619360940899877
1013,-0.5,187.7228588077414,20.428571428571427,5.085879298128203,51.285714285714285,0.13550026963285117,0.022981130069000495,0.1408422931440649,0.3561317328369395,0.10528672418341488,0.2674433257839372,2.6143501591392475
1014,1.5,134.73568224377996,21.428571428571427,4.120563288851965,40.57142857142857,0.11150604317779493,0.04411963148012103,0.20972045920920704,0.11489637839819691,0.31477234164817997,0.1874040155081768,1.560650910969001
1015,-1.0,178.9228284679929,23.857142857142858,4.4697892415485345,52.285714285714285,0.1610610945720454,0.1431687920151715,0.16122591044409307,0.05566473243750368,0.020404346941532907,0.12024670633807963,1.488988241424979
1016,-1.0,166.28481154120612,18.142857142857142,5.814270396157868,38.0,0.1039380906908385,0.010454859546848796,0.16932403788756223,0.13834390652263398,0.4604080206308315,0.08850670816851985,2.6585209265686807
1017,-1.0,102.54134081029396,12.285714285714286,5.222354610926141,20.857142857142858,0.07512171278671423,0.019659157070044384,0.14822510846030254,0.08719902930307052,0.5756439723646687,0.029075896422433453,1.5313851710437687
1018,1.5,182.87495305420393,23.142857142857142,4.92325539597301,47.285714285714285,0.057860324581410244,0.053404144287635194,0.2936840263337364,0.15916795787386076,0.3226044515124333,0.17971820761344234,3.6827524957498787
1019,0.5,206.81062844648426,29.714285714285715,4.438702226049236,63.0,0.12640100166751264,0.03599361741555568,0.2591737575943505,0.4186256394718732,0.06958375986827761,0.11901427574654222,2.792280801108567
1020,-1.0,118.85834323877678,12.285714285714286,6.467766563184961,28.428571428571427,0.12991224651437144,0.16006870866890816,0.0727407031285915,0.0,0.07491655705872485,0.15429120659648818,2.1973188298770676
1021,-0.5,296.75104871768156,15.285714285714286,9.788587508123484,55.857142857142854,0.22295803094332595,0.038001077811998255,0.056548646411757886,0.12665835716481186,0.008524318295457672,0.4498527349605864,3.5062034220132046
1022,-0.5,115.96377061222076,22.142857142857142,3.8745723354212713,45.57142857142857,0.17041548251824856,0.054818983642733146,0.4207040170001658,0.26999744409651605,0.02214810620180751,0.21216080614012087,3.3638676272483488
1023,0.5,135.73827790815753,22.142857142857142,3.316371830558122,51.714285714285715,0.05171317689144856,0.10669854350006915,0.2562477079340145,0.023576387141212265,0.25195178185692374,0.19975594133684976,2.09643165090303
1024,0.0,167.91510568094264,24.142857142857142,4.432308641205749,42.285714285714285,0.10724437002057896,0.03542043462559552,0.2828801762854539,0.0,0.1946374360897336,0.2968930754217634,3.9538592677437028
1025,1.0,131.97236291539915,25.285714285714285,3.6368818940439955,53.42857142857143,0.0879129665631458,0.07973094699286142,0.23582201800744867,0.02910205403465617,0.3968291768430906,0.3273283653289317,2.312350450854501
1026,1.0,116.30011292751377,22.285714285714285,3.391458206614577,40.57142857142857,0.0695997044261936,0.08145886212366525,0.26960191133574046,0.07084367495786446,0.3109690881048482,0.16441196087653429,1.8012190593859825
1027,1.0,153.5016191452948,30.285714285714285,2.8462264853060555,66.42857142857143,0.07045215345579145,0.0462188855321673,0.13479636546518228,0.39116747108939925,0.119237411788566,0.28647112164992056,1.8429381237414044
1028,-0.5,122.74593717024564,30.857142857142858,2.583190170606142,70.85714285714286,0.07405913822659843,0.04387875251941073,0.07333969620151719,0.0313335916535556,0.08236179677429326,0.5374928557911413,2.1861966580672334
1029,-0.5,204.57487967089256,16.571428571428573,7.716852420592078,36.285714285714285,0.10125131060859392,0.12340530657687573,0.02420877994262867,0.37163737364676697,0.1673219017773565,0.22011538518150336,4.195007371653792
1030,-1.0,188.97854460529757,24.428571428571427,4.183152500945639,56.0,0.07888052996619395,0.01852439521490634,0.19224030040670603,0.07175717768733066,0.005253802022460961,0.23858832147878703,4.1086661405361316
1031,-1.5,168.75858585587488,17.571428571428573,5.748605737221681,38.57142857142857,0.08705215126100095,0.12105511362852446,0.3726079922925448,0.30062486393398463,0.1380921308474724,0.12225326467912422,3.028042655198239
1032,-0.5,158.44833497842436,26.142857142857142,2.9986410577220166,57.285714285714285,0.09368415850834062,0.046087803263124526,0.049619710661931854,0.05627527947675324,0.34225051568745934,0.33523601449686524,2.8231811378110723
1033,0.5,150.22066146968513,17.571428571428573,5.79995593011536,41.714285714285715,0.034463775812710436,0.0591120809834879,0.15079040904508864,0.40020078263218645,0.01435498188174556,0.11608283460509687,2.8835042048838027
1034,-1.0,243.5276730719184,44.42857142857143,3.664075009042431,119.42857142857143,0.039745043434017004,0.030475879251834502,0.23092595524797319,0.1564905112361991,0.1380532209916638,0.05056615994677068,2.943766320789852
1035,-1.5,188.57229455035463,12.428571428571429,10.099691030062129,33.857142857142854,0.17376561823415354,0.007343102663094869,0.2196684927722487,0.21959662272833344,0.0803810514666432,0.19997391410878065,3.0818300323213283
1036,-1.0,103.24295772003101,31.571428571428573,2.354418005774921,52.57142857142857,0.0674495953710885,0.0435584518100897,0.3047920514516309,0.27744253642681155,0.3267477608389509,0.014414817710851418,2.645256836633485
1037,-1.5,212.71018646618586,27.714285714285715,4.920431556809045,70.85714285714286,0.11578188778108829,0.01837799480084846,0.13074684129295017,0.12119910737736239,0.4019671629291602,0.23222468486467465,4.18785978525375
1038,-1.0,143.77803632808806,17.428571428571427,5.235292421377361,37.0,0.1085628268469068,0.019890104237363024,0.031372975033175814,0.017712605954530794,0.13959902577274344,0.27936157806625533,3.368668386127398
1039,-0.5,243.4227095395673,16.428571428571427,9.537293662519046,46.857142857142854,0.08064406257429275,0.04469752930896085,0.42155925033873853,0.144780089131318,0.0806927584487346,0.06394317793094688,2.210432560459531
1040,0.5,135.98170799047907,22.285714285714285,3.346778011636831,48.285714285714285,0.1126259725277505,0.09238117550763635,0.03471196957265928,0.028869517465096636,0.30392557496132944,0.07116486848165217,2.3033003764632074
1041,-1.0,118.8481689663417,20.0,3.7834919393271367,36.57142857142857,0.0921620152990118,0.10484087459792248,0.1518015407610704,0.45938052812920266,0.014074657611510832,0.34604583531898975,1.838189642043153
1042,0.0,154.04975775110026,18.857142857142858,3.892333553645636,47.42857142857143,0.08494071177306282,0.12455317903926519,0.0019473859403545087,0.20002406059715844,0.3926648510375567,0.16359521628688123,3.024019066555494
1043,0.0,186.99780983988862,21.142857142857142,5.959577388896697,43.142857142857146,0.09213538289254967,0.05267684370357231,0.20667722119789617,0.07705410834511656,0.25363117290586756,0.02576185318928155,2.4899154612761283
1044,-1.5,193.72408359941832,22.857142857142858,3.605001198262137,47.0,0.051209139329271874,0.030792263106538317,0.1406817523876357,0.40561159100289457,0.015352788013412184,0.2335971254515786,3.1107086442688963
1045,0.0,181.58645642476515,21.857142857142858,5.620672895843952,40.285714285714285,0.11137652633736328,0.0304019566720499,0.1269788237733263,0.11786874638156919,0.4430992012635855,0.11884753904456614,2.50684605996043
1046,-0.5,105.6660409709165,15.571428571428571,4.000629368613396,32.0,0.030515605912653485,0.07406104469444809,0.10862008319363464,0.0542414090268558,0.4701851149387362,0.2539327901669348,1.7503733088834152
1047,-1.0,297.452306930015,34.0,5.468888902395452,98.0,0.0968770990809458,0.05129617218564288,0.3758876343741683,0.2186662720402819,0.27687301345805027,0.12284194848028249,4.655258036253061
1048,0.0,147.33816695807872,22.857142857142858,3.9121229513682083,45.857142857142854,0.08378197199730711,0.10923704755232407,0.13020677583613843,0.12799153216770895,0.12446499882162271,0.5985025538831237,1.704610456862119
1049,0.5,164.01725419773575,16.0,6.258924129167872,33.42857142857143,0.1258638087225122,0.050764151796251954,0.10162893541414925,0.08427874597901099,0.13263800581824695,0.32387646776151735,2.967132076062873
1050,-1.0,167.36727951410018,29.857142857142858,3.814381103197208,66.28571428571429,0.05121926106484317,0.10925921279005611,0.09747912249916965,0.031323890096424604,0.030124936700799066,0.47042200833821596,2.3113082301412806
1051,0.0,177.66051488469927,17.285714285714285,6.851300529514412,49.0,0.09384433874107631,0.05904113927212088,0.18562010929033865,0.15111566283038919,0.13284626732140103,0.2857864376171941,3.803034245711275
1052,1.0,193.24754452697394,33.57142857142857,3.7863891312506786,85.71428571428571,0.18074593603906447,0.05740789748765196,0.3634248264527412,0.05984835709699057,0.05069114305618652,0.1354637586020218,4.497502719658587
1053,0.0,207.01082266349246,31.428571428571427,3.459920254917037,70.85714285714286,0.18885762617247157,0.032726477230361525,0.07450224567133425,0.2729728880720118,0.27047026215184994,0.3425267893048055,3.496349137790337
1054,-1.0,129.7803380074152,20.0,4.300626777796622,51.0,0.06158609114295414,0.052715528558234574,0.3243793130113916,0.2108441005404772,0.20609824207688526,0.18101560352729423,2.1392073169502304
1055,0.5,143.39249104169883,22.428571428571427,3.113852554845304,52.0,0.09688380774638432,0.0935092009249843,0.036230626630474404,0.34072514660445274,0.09463918343446903,0.47631207346266335,1.6430228367001258
1056,-1.0,151.8394423960531,26.428571428571427,3.281587208935808,56.285714285714285,0.13516626047278218,0.09875779769301413,0.018731982722876756,0.10834950629232194,0.35608073360571346,0.1084373328421245,3.3546392453079714
1057,1.5,191.9388592200521,10.142857142857142,11.552257960428955,31.142857142857142,0.16882679120817967,0.0616699754457471,0.06124768686721941,0.20536780255138393,0.10671634946879545,0.4287315045067242,3.0720241120971976
1058,0.5,172.2968825752491,37.285714285714285,3.168974743639143,99.71428571428571,0.09419732383834904,0.08407788121820978,0.42844684891652746,0.240029335554759,0.08822158263545303,0.005791230144823379,2.43118142638882
1059,-1.5,154.11345689506248,23.714285714285715,4.844574463127321,39.857142857142854,0.17052466916264614,0.011632541790398632,0.14511515872420183,0.42658949323853185,0.11459056278226178,0.2169065754024234,2.72354718766285
1060,1.0,148.69829443165216,23.428571428571427,5.156055224748997,42.57142857142857,0.1766417644890072,0.08520854980444739,0.18427621053966595,0.138047005437691,0.04043630812302028,0.528167890936189,2.623897108821276
1061,1.0,209.8249000979716,13.142857142857142,7.855933388982689,36.0,0.05647961647878692,0.02669569323608641,0.41781628677093724,0.057832476830559365,0.11877161181673555,0.11406664720594052,1.2889993561419422
1062,0.5,203.0605900301846,21.142857142857142,5.700435651044154,47.57142857142857,0.20695198610333232,0.09826630851591936,0.10735941730807785,0.11729143464120603,0.13369486643285258,0.47088306920548395,4.470017622931877
1063,-1.5,172.95449192963255,15.857142857142858,5.293882228007994,36.714285714285715,0.11265892791022417,0.024904561451739776,0.4778933391227817,0.205259840414239,0.054191160126326646,0.14067353820056894,3.052582185115043
1064,-1.0,197.13579783337582,35.285714285714285,3.3678127163592437,82.57142857142857,0.1563986358585763,0.04040085259540334,0.23847138021120157,0.2776023655359749,0.22684684218128273,0.11389527028419758,3.837301781939599
1065,-1.0,142.8255881803123,27.142857142857142,3.4219619178361653,60.42857142857143,0.04703099370992704,0.01879091076628822,0.07091035892529461,0.16300066230531757,0.4055202622525339,0.21528810915472982,1.3087984339361154
1066,1.0,315.24801208654895,33.714285714285715,5.309217332872171,98.57142857142857,0.11105516427772712,0.0630198539798264,0.08924558970928043,0.29739558469496913,0.3848394934840906,0.10106565590815628,3.562680846856193
1067,0.5,116.42682882621213,21.714285714285715,3.639386695522518,37.857142857142854,0.14959008430917164,0.03011196152735134,0.3025360360126821,0.38617791818766956,0.11362345165227523,0.08628340612166899,3.6975384413949683
1068,1.5,130.2349487144854,24.857142857142858,3.3471904434465434,40.285714285714285,0.0753396681828901,0.01474856125002047,0.24517493276199756,0.08305220875881043,0.3384546587966896,0.07260471050029163,2.7991648988008913
1069,-0.5,140.86995479150303,32.57142857142857,2.786482841172682,58.0,0.1477293643931691,0.05085069265781499,0.2746402878620172,0.32521730685929773,0.03355631967218318,0.17983899227193184,2.062746523458099
1070,0.0,183.8039798882193,22.714285714285715,4.785660242627248,46.714285714285715,0.1362517202412746,0.03860548028903511,0.13316815600834617,0.046492420703483285,0.41736475477037516,0.33092818437637805,3.9198814110602496
1071,-1.5,234.2252071205366,33.57142857142857,4.024895007523355,86.14285714285714,0.20723821037414192,0.1253974351950429,0.24706495438554119,0.15704809675252154,0.2925620318248112,0.04590469631754702,4.4074280750592
1072,-0.5,156.18293984467033,16.0,5.968308550972161,48.57142857142857,0.11711423071898754,0.017400765595888063,0.23176765435133062,0.03066833800096556,0.06671892271877118,0.18233591361427195,2.2570052506326395
1073,0.0,214.91429173097958,38.57142857142857,3.5716336902504686,92.85714285714286,0.1917166892454164,0.03822387571472945,0.20375179925728693,0.11131753099741053,0.34891374800757535,0.06282782566557132,2.8426814344269333
1074,-1.5,152.51445787074596,15.285714285714286,6.583439650648843,32.142857142857146,0.10236408905068764,0.05716538205586189,0.3148960522236178,0.32013557887154126,0.14405063045332972,0.013119737010562581,2.293003113319842
1075,-1.5,212.01459118317706,25.571428571428573,4.550287484940789,58.857142857142854,0.058390846816226055,0.05958376235842031,0.3534822893319472,0.35038035474950235,0.04579469746714361,0.023510842901157465,1.7282826878559299
1076,-1.5,144.67549630143498,18.428571428571427,5.0967716729406405,40.714285714285715,0.11327161483950413,0.027593428546826698,0.3110147029282285,0.13976616309123688,0.13176003477025544,0.07904444418727746,2.166402882556886
1077,-1.5,228.30953463160515,23.714285714285715,5.839557173925728,52.857142857142854,0.1440086764714527,0.12067164898619229,0.14028561258269148,0.16428200502817086,0.27940760366411416,0.3713923466528411,2.9828802935726584
1078,1.5,183.62836095848576,29.0,3.4196289002605456,62.142857142857146,0.09732642037934945,0.03221538684565224,0.423336440633052,0.3087676413121677,0.10862476907085288,0.08910161112458216,3.536629134528552
1079,1.5,140.51886126613667,25.285714285714285,3.533613491601009,55.57142857142857,0.1575908463079535,0.1526632402457808,0.3590714143834308,0.1505903698450191,0.16714048260078676,0.1780659637610572,4.080032779658699
1080,1.5,193.27901047506958,16.285714285714285,6.598003303342882,35.285714285714285,0.08055886008348923,0.03002764018784336,0.3847301605858185,0.2126221806414277,0.20603545329054063,0.027974832796576588,2.508228028702898
1081,-1.0,176.8999674272375,24.142857142857142,4.412878830238016,53.857142857142854,0.1147079148175051,0.1293414154614757,0.027441847237144698,0.20618671219281065,0.43581375558501084,0.26689581372428567,3.1853073733769692
1082,1.0,170.64271607540837,14.857142857142858,5.904442367819574,31.428571428571427,0.0214542155754993,0.019709044866330943,0.14275403720481442,0.4869797396901062,0.05726770593246281,0.30621354392724986,2.830322166048703
1083,1.5,211.74762303610572,22.428571428571427,6.3090667202,53.857142857142854,0.1247752483340858,0.06762707768999328,0.015474056997784003,0.5423743562223551,0.1432914112858644,0.012758432798554669,3.5983907488419207
1084,-1.5,91.66206061044159,17.285714285714285,3.123388153243445,33.285714285714285,0.047649147960634915,0.11946039909791373,0.2200147936238904,0.42786736618702564,0.14883169459737622,0.12954146700558258,1.348115390466452
1085,-1.0,119.59505468538705,20.428571428571427,3.328124842057617,38.285714285714285,0.057709746734732933,0.038445110865052465,0.1102075706973857,0.4652595903900065,0.1651027620709256,0.23742804880134155,2.5273522438872744
1086,-1.5,155.87966102399375,27.285714285714285,3.474112074105666,60.42857142857143,0.11314059052647572,0.05261681445040851,0.1100499755792722,0.23902471227941868,0.3553838846743289,0.0728847895865808,2.3349891174120656
1087,-0.5,146.0285499414089,21.857142857142858,3.9604219358957176,48.57142857142857,0.10187243352118164,0.12034292393749413,0.23403722284387612,0.05179640230389145,0.28455470573128666,0.12466606753975705,3.117643348866215
1088,-0.5,181.40618612117984,16.571428571428573,7.590995390209766,32.285714285714285,0.09445338450497835,0.022983886454976763,0.31138187706732035,0.4657035799674385,0.11636769384177482,0.08302044554414523,3.6199192244256784
1089,-0.5,181.0947190199574,26.714285714285715,4.433065191887201,59.0,0.1402288725557893,0.07415044312150283,0.07923108295290471,0.20168324703678714,0.17132287586595354,0.5155119610448241,2.803695568448311
1090,0.0,145.30354684662532,21.428571428571427,4.471211057942774,50.142857142857146,0.1216257886836924,0.10119917948860471,0.004118919654615386,0.4449316765629985,0.04935162232324266,0.19094493531669302,2.66778959198356
1091,1.5,196.4270925942877,12.857142857142858,9.735668705207509,28.571428571428573,0.21105493684721585,0.07366539201257755,0.3585983862459718,0.0989824676480479,0.1972942067779673,0.11823759777989733,2.758721339076886
1092,0.0,144.77122774082676,27.571428571428573,3.6579430646627564,58.42857142857143,0.12051942591298846,0.13485098429425038,0.21191486084771444,0.05449595844770083,0.14714952316633761,0.22860948976321888,2.817197362950696
1093,-1.0,283.17831662261426,48.142857142857146,3.61059109337907,136.14285714285714,0.11061964375825314,0.04629853841592821,0.2625195891970328,0.16759894977622422,0.2861321576282151,0.1545845350433976,4.224828938176651
1094,1.0,119.63615627508038,14.142857142857142,3.807965208955017,23.714285714285715,0.12846487086823347,0.026466724193477092,0.23403223943265158,0.0009858709513552756,0.05889925580862258,0.4894710843083105,2.5545812412976954
1095,0.5,182.0190123718946,24.571428571428573,3.3685477486818947,55.42857142857143,0.15492264527209004,0.010837157424624594,0.04450643512495472,0.1615548086238467,0.01996623513989123,0.7457409029096328,1.514365989853804
1096,1.5,123.78376552853095,41.142857142857146,1.8724415030901844,82.85714285714286,0.07917413253313163,0.04175741678018181,0.1355650178331052,0.15522525810416413,0.38038971463064075,0.23036886046742985,3.692138006488192
1097,-0.5,120.48329995496715,33.285714285714285,2.1299453052619386,55.857142857142854,0.08960824757535531,0.06099819380743046,0.586191941701238,0.12475763770365664,0.04104120788468681,0.03325600599545721,2.615311612987251
1098,0.5,201.6331247581756,21.428571428571427,5.411821114599139,50.857142857142854,0.12952563223250052,0.025611084888681346,0.04374430738407049,0.04901743672174921,0.12998602026943978,0.3250643547992287,2.198429670353987
1099,0.0,245.11378938341207,40.57142857142857,3.5430760960518297,93.57142857142857,0.1157418112606363,0.08936450616400587,0.3553496225225226,0.10844810999690935,0.4150028165081193,0.0966694383888052,4.112934246078844
1100,-0.5,183.04672757963144,33.714285714285715,3.933710364729153,63.285714285714285,0.05585169443711911,0.08334313387262768,0.25715515131588007,0.2680103402834561,0.0009508551591355741,0.26740185565401975,2.753361639927765
1101,1.0,149.7479654040762,29.142857142857142,3.122119259809578,56.0,0.11112787860584052,0.03042369713219744,0.45936952903693057,0.0924520994010184,0.04181130434291917,0.3817656996693287,3.1094043175162915
1102,-0.5,323.2715020161152,40.0,4.916454531172974,130.28571428571428,0.10558099359057735,0.04564956493398291,0.15292097571597005,0.11591260135274771,0.1775356968175284,0.259363914593587,2.251694762186612
1103,-1.0,216.53793692519704,23.285714285714285,6.683320466520182,55.285714285714285,0.12731857433255436,0.10805538921421111,0.06217378249034277,0.5572470408147949,0.15239966967671617,0.19815672104359625,2.686372072518778
1104,-1.0,132.96607422391912,32.857142857142854,2.5557097220433542,57.857142857142854,0.10078396388870199,0.18068308761836102,0.4498306788764432,0.2108983327457521,0.14165359856550438,0.17110483764495632,1.9068564815945486
1105,-1.5,132.68340990284017,23.285714285714285,3.368026718648632,37.285714285714285,0.05008608930431201,0.024711307288769073,0.370733745373514,0.1803526403544162,0.04668963161091135,0.2112978606393214,4.526284804331716
1106,-0.5,112.05247304451197,14.285714285714286,4.76286949181643,34.857142857142854,0.05943939793150357,0.05645671865659016,0.04721370646717033,0.2817631935815447,0.18594064968775653,0.37148702305524717,2.8446977042554686
1107,-1.0,80.26677896677994,15.714285714285714,3.190872884797321,26.857142857142858,0.08090139826722433,0.03845036577830034,0.4438412502741324,0.13071078548427967,0.19832831897412806,0.11649031895966405,1.702815981970177
1108,1.5,143.55090062935145,28.142857142857142,3.2182531682053868,60.857142857142854,0.11944629843924923,0.014705725307355422,0.015480482891098712,0.09900778681233721,0.4294870954366691,0.19220409756645088,2.710510072507372
1109,0.0,171.032690320457,13.142857142857142,7.286319628421271,33.285714285714285,0.07715604595890982,0.04568778032340861,0.029383155492033988,0.34551951113190665,0.1899144177063328,0.10985870541128973,3.0668359847063775
1110,1.5,108.3854529782159,15.285714285714286,5.160838581998788,34.857142857142854,0.12401019058342787,0.0422614163968826,0.24002717716343808,0.16637676655137207,0.2805288525746204,0.21834299590447573,1.6320264106543805
1111,0.0,145.76265823201138,26.0,2.967121572343996,53.857142857142854,0.15678309418749278,0.038047008922096046,0.16248862635950065,0.15808099816245738,0.28695549078623783,0.08245049607005518,2.0496110275039894
1112,0.5,272.42261741489375,20.571428571428573,6.215148849012989,49.57142857142857,0.0666094607902552,0.039449516113333,0.06307996682964032,0.39035180474529424,0.35859014709829057,0.002118839773752401,4.453380795842184
1113,1.0,99.39798139026372,12.142857142857142,5.916580652964616,23.428571428571427,0.05911992788836784,0.016543323677331502,0.45004087470966997,0.21575608076775835,0.20154060945134958,0.055566414953052375,2.634195475995199
1114,0.5,151.4921442771581,18.0,4.842201590930344,40.142857142857146,0.05407145930991015,0.09360194963965095,0.23387826978877152,0.027617685864878932,0.13211756714603015,0.27419373526574414,3.196393583991591
1115,-0.5,145.9623817314734,27.285714285714285,4.129009221376806,55.857142857142854,0.12814461293070029,0.06007707383579158,0.48062479420681853,0.38437050469828865,0.04191649286130807,0.05995904511039357,1.9604365443924694
1116,1.0,149.79187501018427,34.714285714285715,2.6612170656255074,79.14285714285714,0.07570697882227337,0.01831054888914486,0.04211470623043736,0.16584278570505342,0.5220410485122798,0.19399051376125062,2.6008735744728755
1117,-1.0,160.3252116155727,21.285714285714285,4.148851424550841,44.857142857142854,0.1087548071649219,0.09623168876579087,0.018643852388327064,0.33595314042314633,0.09865376643421994,0.3460909071209085,2.145702781377038
1118,-1.5,137.8734917638397,18.0,4.8333761121761345,46.57142857142857,0.16611847710776712,0.03975421066264794,0.19220605519325681,0.09810935269950967,0.10035733156729568,0.10157723274354527,2.3744741990730063
1119,0.0,189.5825278289761,56.285714285714285,2.2255720330861823,116.14285714285714,0.09982439663577095,0.15495619472109637,0.05367985148425421,0.2734760978386516,0.35118356188292527,0.31337664764995193,4.2265415851490475
1120,-1.5,150.72347367453955,36.142857142857146,2.657229467938913,77.28571428571429,0.10081328130626395,0.03862373387932025,0.8189352197689312,0.02055210046592989,0.0018312349679139594,0.0017085914798628966,3.309446497599724
1121,-1.0,235.59564538715833,22.285714285714285,7.048845358141769,60.714285714285715,0.08495244110243945,0.05866882245173157,0.16277133701725546,0.21362793202102592,0.162928362351416,0.4329722133708254,4.199299749227974
1122,-1.0,157.44259569167951,23.0,4.10402656421036,47.285714285714285,0.10812222311180321,0.04436353118479888,0.3361574672332046,0.18881426750570698,0.4122621773430151,0.034636936865084116,3.689764557191908
1123,-0.5,136.92313805421085,23.714285714285715,3.1124125894476666,47.857142857142854,0.14496459210632784,0.09253013059776001,0.11081367785239088,0.08210474883997149,0.017244772531553494,0.2309868592951269,1.1552273231017283
1124,0.0,190.35322494123957,15.714285714285714,6.615923382990651,40.857142857142854,0.0675899856470197,0.1259201976237943,0.30150618692307896,0.09254478464764429,0.20084585736966898,0.10688711221392919,1.7452916225509831
1125,-1.5,144.93415844527257,22.428571428571427,4.555610641699715,49.0,0.11407898277134397,0.05341514916802348,0.10893215483565116,0.497183384589625,0.10683438050949613,0.046489818631878316,3.061566013012381
1126,0.0,152.1013063275716,19.142857142857142,4.857861157327327,37.57142857142857,0.08064458422680254,0.09044152224406078,0.024504006742713424,0.4073589599233142,0.12079638318856434,0.17067524298045617,2.5721899864929822
1127,-0.5,154.8827897424508,18.142857142857142,5.706511197319362,37.857142857142854,0.1482511181952515,0.041796221585874524,0.16558214180058897,0.14015515430833667,0.46779574011219316,0.0623912250298552,3.092260264961025
1128,-0.5,181.73660298618316,17.285714285714285,6.733017206672622,35.0,0.09531251471514954,0.09392314592924816,0.2565829264045159,0.16246589616910795,0.22918164930451962,0.18492327179586565,3.21579720727492
1129,1.5,166.63439152827647,16.857142857142858,5.893808571861181,35.57142857142857,0.1361078121951795,0.08966892569182841,0.22816663724587094,0.17408983367675426,0.21564548086889684,0.33014586438429505,1.826868966369322
1130,-0.5,155.99773529972367,35.714285714285715,3.0050693645910034,70.28571428571429,0.07690549488273989,0.045608493436634645,0.2025737708874626,0.1668037671398775,0.23826267627962788,0.37117596272583414,1.5924879465365085
1131,1.5,173.77249551306036,13.285714285714286,8.489547063799552,34.0,0.1503676462109298,0.024721235328978897,0.08619387878080255,0.5744817005136545,0.012569809576679252,0.2141847307745396,2.6280318974375887
1132,0.5,253.71689446689456,23.714285714285715,7.014994033403836,59.285714285714285,0.11797162502620158,0.04582753137120045,0.5096492750191727,0.3040204534701834,0.02542788238457744,0.16090238912606636,3.3016777270917355
1133,-1.0,101.66659500919131,12.857142857142858,4.968062497932805,25.285714285714285,0.1511508885355532,0.028966366533022054,0.3609913796327623,0.1301977127010991,0.17524208999222163,0.28239891127217487,1.3994525176033503
1134,0.0,120.72709630086878,16.571428571428573,5.128460660960849,32.857142857142854,0.09226459494463422,0.039986649732890255,0.11464438381947488,0.23640323158703536,0.2561937431825039,0.12170802261864362,2.1437811183185804
1135,0.0,186.70716663393478,21.571428571428573,4.595303296251387,47.42857142857143,0.11125790077927651,0.09811499239224299,0.31828742506999314,0.36261378703853675,0.06563597591364194,0.2520164333919892,1.6742066518134617
1136,0.5,127.42610346578283,27.857142857142858,3.3808753807366156,59.857142857142854,0.12300171074147971,0.13564357387263928,0.1421831317077442,0.522795275097736,0.10918787056107396,0.147674728507466,3.5439736940012443
1137,1.5,132.39745903929682,28.857142857142858,3.245589848265049,57.142857142857146,0.09777198400257577,0.052422470574653435,0.36416326362857615,0.1690682603357111,0.032182729140466715,0.20747565988953662,2.283199634303074
1138,0.5,283.2266732776108,38.714285714285715,3.8594349525602993,111.28571428571429,0.2063851608532311,0.13496475197194902,0.39036054594740566,0.022786697363355292,0.0709427359920052,0.21565599044624287,4.722191008985308
1139,-0.5,184.10469755672503,23.142857142857142,4.742023188981571,43.57142857142857,0.08086799855266485,0.20423298071313065,0.04283283783836242,0.406435069111001,0.33014541941857667,0.1569022611224146,3.6090984707528437
1140,-0.5,193.34518064677516,28.571428571428573,4.18930330985381,59.57142857142857,0.13737265786306477,0.08607296463411464,0.7001036886367793,0.21080985642491523,0.03898217256257592,0.03641998169506128,2.641250668649892
1141,-1.5,162.0546799056047,23.857142857142858,2.6460811189293434,47.42857142857143,0.1273368015408654,0.02859545863309276,0.186511779203642,0.14191905640516106,0.05868279580986799,0.5827771222678926,1.5193528425958935
1142,0.0,151.17595183866186,12.428571428571429,5.126532462248659,30.714285714285715,0.07857698070794625,0.054475858988019175,0.10747675620581161,0.4702846844013847,0.07910316596876857,0.2645980661041712,1.9248660781645195
1143,1.5,233.08268280986698,34.142857142857146,4.488360540208131,76.85714285714286,0.11796500458371713,0.1045640035870984,0.24887492041350348,0.018660373954740166,0.41738637057610206,0.29465556212782096,2.278191588460277
1144,-1.5,181.54932425732116,23.285714285714285,4.472921119501402,48.0,0.06460900112762456,0.16976802158210497,0.060407425227111004,0.5738758534324715,0.12623116954390717,0.010254278528157119,2.809723814353678
1145,-1.5,109.24037522821429,23.0,2.7493849773564665,44.0,0.13165924334548493,0.089193193459049,0.0005901627543531145,0.09385788575832987,0.5754340818884743,0.15847574837255315,2.153251400127883
1146,0.0,219.2728340232682,34.57142857142857,3.8476705444701844,82.71428571428571,0.11921560748814848,0.05296579592709187,0.2344961048214898,0.04167672345074677,0.08420101520111492,0.5587343014782455,3.5606732685319615
1147,0.0,236.1681966334485,19.285714285714285,7.065819193208166,43.285714285714285,0.07482102716010963,0.10795972713239492,0.1109963722926061,0.14330695875894198,0.19745075252545827,0.2141306152742413,2.472941298034991
1148,0.5,142.11643895707908,22.428571428571427,3.6448664515429954,45.42857142857143,0.14213507304351425,0.07342592416650112,0.1854245919026311,0.2905921454725477,0.07938142475170157,0.3443190840028495,3.36538106581753
1149,0.0,196.1178846405849,39.714285714285715,2.7963079475088266,71.71428571428571,0.18460983251937946,0.07936588273647563,0.405560023848183,0.12901464034071145,0.026170615150650067,0.22672344546944398,2.353351483828642
1150,-1.0,194.3470563644002,23.428571428571427,3.503285209524752,54.0,0.09559655510478839,0.1871295017860828,0.26426357526693284,0.47028514063213245,0.11833909407811505,0.09295694936061037,2.0561459014302823
1151,0.5,155.47333263738295,20.0,4.9491518225227065,45.142857142857146,0.12015971843095025,0.04813413240076865,0.17508974092035975,0.41221512294513873,0.24055085938959045,0.15385840262078018,4.28576001726607
1152,-0.5,109.10055044226702,18.285714285714285,2.9362174132784564,37.0,0.05217378681470333,0.02059848828591824,0.18583472850194477,0.12135920010863058,0.20990940983089107,0.12231816237314991,1.5829238673539292
1153,1.0,164.37789678973147,26.142857142857142,3.8035325295760454,56.42857142857143,0.04709780637127052,0.015431675261024728,0.0465707101950274,0.2034931625512905,0.26977882844209855,0.07882319043043136,1.844511974280603
1154,1.5,166.19828393448725,26.142857142857142,4.411050882212681,57.714285714285715,0.12334836474476547,0.1143436624276866,0.26206941458786315,0.3329612367945652,0.20850734556866402,0.08429415851451323,4.3739638238495235
1155,0.0,191.1064060298056,19.428571428571427,5.766130907326569,54.285714285714285,0.2093110044775005,0.020030624050351425,0.22669606056621344,0.17830388828469063,0.12026747564761858,0.23522806133956983,4.168252750418983
1156,-1.5,144.34495141469364,18.857142857142858,4.962950551004333,34.285714285714285,0.08534791742462801,0.04538196253929916,0.03590869012528093,0.33561249660810927,0.09556381504749008,0.15085292664468777,1.6018383107392076
1157,1.5,165.26795713183915,31.428571428571427,3.1763941935272473,59.42857142857143,0.12947046661116027,0.034689961642639294,0.09160758698584638,0.06990420299454522,0.47935615213465826,0.0032292584570756113,2.8655069337882475
1158,-1.5,134.54282305954527,36.285714285714285,2.101847006402483,71.28571428571429,0.098444878041558,0.12001760678030046,0.10606273513715692,0.2789331377861502,0.2542747803060638,0.17754787853796636,1.8039395314763405
1159,-1.5,201.44835136230046,34.42857142857143,3.2269741914244685,62.142857142857146,0.1500719615109297,0.02551974627570222,0.09148864541297079,0.32329125563857,0.18581760090930738,0.34622101324185206,3.378657198874851
1160,1.0,147.33089858173688,17.428571428571427,5.8444163469568435,34.285714285714285,0.12485377813665832,0.05415336086805405,0.22149898951215766,0.30633589157785507,0.08257621358320345,0.21930690111614573,2.3165506808656695
1161,-1.5,185.8028558021658,23.428571428571427,5.566144820145579,57.57142857142857,0.08975132015597416,0.021806667237622784,0.3655758081297365,0.11189250115390796,0.1775490459222549,0.22786435554309606,4.719606970610976
1162,0.5,209.29231912110467,20.571428571428573,5.71365539326758,44.285714285714285,0.07348093930598311,0.1194166444706781,0.3225247397277852,0.10004921116446176,0.04460950864173137,0.1919078058034512,4.082820049897517
1163,0.0,128.8744157803261,32.0,2.6724246279216226,61.142857142857146,0.07644810471398768,0.06000544123123792,0.13940684794097832,0.0654386773881838,0.0894900402763244,0.33425415048205365,2.5113162293744677
1164,0.0,292.69650030301665,29.571428571428573,6.078055325742139,87.28571428571429,0.16347396199029962,0.04481597328124152,0.4022700451793123,0.04782447661529254,0.22947335222775186,0.17594735170314005,4.666365842404381
1165,1.5,160.31693604062937,24.571428571428573,4.377414846020646,69.85714285714286,0.12013635424634689,0.027578217435427137,0.14438241001757868,0.18776646599163027,0.4812384900677707,0.06231220775447048,3.8765442578215987
1166,1.5,177.42810569007256,14.428571428571429,7.041326089612347,29.571428571428573,0.14418437492665945,0.0377149136243794,0.2564421597477339,0.24624381066706857,0.09891402224897702,0.3089147175093303,3.869845772242166
1167,1.5,255.36467336198817,39.57142857142857,3.982028064259706,89.28571428571429,0.2155465061527297,0.07260861585485562,0.16667339706019377,0.17659319088104292,0.07727663335847695,0.027303832348777802,3.4624892354856835
1168,-1.0,196.42759050049793,27.857142857142858,3.6540543241154633,58.57142857142857,0.05650221215087627,0.03475081301952082,0.3010996138696998,0.1580481547926263,0.021030948135227302,0.18749064256309547,2.947691966024287
1169,-1.0,103.8719113708037,19.714285714285715,3.292964491482075,36.0,0.1425060418967397,0.10983615084355419,0.051786816090645595,0.10027738856761073,0.0908566688383682,0.3657391343384753,2.7599217198883617
1170,1.0,157.66082684669905,16.428571428571427,6.99465841625891,28.571428571428573,0.11137982136216111,0.05819492829409886,0.05231201896680272,0.08375033985303702,0.4398531920029515,0.14295971733645696,3.6980536657609235
1171,-1.0,162.75085120888508,17.857142857142858,6.715118611103759,39.285714285714285,0.09155777411899323,0.05734196891679512,0.09701834051459195,0.16807642089329,0.2859215331298066,0.2014234343781524,1.3727214857499068
1172,0.5,249.2141088760689,24.0,6.807410629141424,65.71428571428571,0.10079401436740154,0.10763483909137328,0.007831759751591392,0.021864735614681333,0.850787438157709,0.09131415823458465,4.003170012704798
1173,-1.0,163.8095520978376,50.285714285714285,2.112286876778056,91.57142857142857,0.0770390993795468,0.027747180920955745,0.4443482937259594,0.006804427142181196,0.20117216418495484,0.3052040631435366,4.084178030003322
1174,1.5,225.0687126791175,23.0,5.383897357805657,66.28571428571429,0.08812140292238621,0.11532653165390586,0.32810929387862897,0.053299848981964874,0.1644466524868513,0.2394095825277011,2.767800259807344
1175,0.5,133.96704209885692,27.285714285714285,2.920337037338315,55.57142857142857,0.15919703379008904,0.07283074427766238,0.10801303523388378,0.2601485047627599,0.36309667454167455,0.1855385134782323,3.8881572512667244
1176,-1.0,191.25728108865795,24.0,4.518837059479183,49.42857142857143,0.08128340760055959,0.1471957407641731,0.12819186411983172,0.18167736895361986,0.23932477729772203,0.2636613005058907,3.258390609776994
1177,0.0,111.81145937620941,18.857142857142858,3.070073066072597,37.57142857142857,0.09260883978666182,0.018694688808852528,0.2416792051146113,0.17331984549762133,0.16291343801601332,0.07250704412044283,3.5736112332606953
1178,0.0,245.39004297344619,16.285714285714285,9.02232638534234,45.57142857142857,0.1705035262789646,0.04669758359086046,0.3333176345028455,0.31104872542085116,0.16250392502478378,0.10421034665250531,2.2958487057957724
1179,-1.0,110.10978848414899,15.0,3.7321610500093194,31.857142857142858,0.06793907540225623,0.07120909929664443,0.048119376951161266,0.3401210652937388,0.39919736526838717,0.04772242245060906,2.1573887123209223
1180,1.0,104.7445657640986,23.857142857142858,3.2106788187863766,41.857142857142854,0.11401966061176246,0.08691873362172825,0.05812126728425863,0.29597025431250834,0.1809258635666926,0.2982897017919906,2.031044920142428
1181,-0.5,202.4348434667007,31.428571428571427,3.5729179394717123,68.0,0.15518214642260597,0.07326902182831685,0.37277217228205206,0.05268357791569708,0.2580518853926643,0.046986266665052095,2.9430909364744284
1182,-1.0,229.81527342113986,18.857142857142858,6.6383149692640675,53.0,0.09544999294583179,0.017146921231274273,0.10096700388805208,0.13936953602605345,0.13061762879149333,0.15902218292642176,3.3954210399774136
1183,0.0,263.1389069762829,32.142857142857146,4.422345025348072,83.57142857142857,0.153288848941468,0.08561430076900767,0.07936605492972114,0.0007637461898639046,0.39668936255616716,0.2576839964708596,1.6689257881703923
1184,0.5,118.19002390658511,13.285714285714286,6.691973205507275,26.0,0.09131181078917508,0.03795992507391617,0.7254410885693572,0.04733380599475775,0.11316700775122235,0.00505047211887249,2.3419156648681088
1185,1.0,115.94519999277858,12.0,6.298079937848607,29.285714285714285,0.11889708759648622,0.027097793241194275,0.004866575323769411,0.16029836989855195,0.3801191372523361,0.13584282803865844,1.6597672992790524
1186,-0.5,170.02617723418595,36.0,2.7710038072486816,87.0,0.08558068019475332,0.03158360341436178,0.3878333026619517,0.022977099467367482,0.06898601363241809,0.4196546444531718,4.203705771647237
1187,-0.5,145.6888198096671,24.428571428571427,2.7277684513976577,49.285714285714285,0.1255718060155772,0.04844123970253389,0.1304050008698689,0.08321935336193413,0.11686367826649537,0.2785871744256004,3.0062878601980976
1188,-0.5,180.76459091393275,24.571428571428573,4.086176841755729,55.142857142857146,0.1601454612303285,0.03952535080481266,0.060399283631742545,0.30011578924779236,0.29744880227664655,0.3236253996200086,3.962988423107323
1189,1.0,222.5753277735532,28.571428571428573,4.879281455867575,74.57142857142857,0.10902402048535052,0.10426246061068518,0.250603330551368,0.38583776712644974,0.17818280575073153,0.16755108939711813,2.683247500862859
1190,-1.5,184.36167272901903,21.285714285714285,5.71396739826519,61.857142857142854,0.10469700916641923,0.033129732903929676,0.025501180232151605,0.4506803109629413,0.2346727495808551,0.23006037092017456,2.0884853464440205
1191,1.0,138.53981124253076,20.285714285714285,4.660508964659934,47.285714285714285,0.18221921591857182,0.03949636269288824,0.017138432651639827,0.23599724649608275,0.3779491009743676,0.10063732708663076,3.3160204548702596
1192,0.5,163.70744658950431,26.0,4.045767467200617,53.857142857142854,0.06769806778390033,0.1570962834559516,0.26974594047729405,0.23838559928859065,0.21072564939200755,0.2274127669080521,3.5944122766063664
1193,-1.5,122.5504095453033,22.428571428571427,3.2995829233451266,41.142857142857146,0.16280426718487948,0.036397698830810614,0.0581384029072072,0.31741499498621223,0.1081428316860275,0.10598313438670917,2.894047094864784
1194,1.0,164.27937126023727,16.428571428571427,5.803371511977572,37.57142857142857,0.1251171518709414,0.027492171633424458,0.1926203893111845,0.27619657662391234,0.1141783115166636,0.03984660953287982,2.7659639657365584
1195,1.0,168.86581475197937,32.57142857142857,2.691836708139385,72.14285714285714,0.15273238931720487,0.04213033319754734,0.12231773912692949,0.24309469992386182,0.03974391919112671,0.044727487148461455,2.2907360178521
1196,-0.5,221.57386842637294,25.142857142857142,4.687195560319984,63.42857142857143,0.11787604850971191,0.05411814326541019,0.23927969659844683,0.4985550857746867,0.11837793468298559,0.09014564332853885,2.9465378571287473
1197,1.0,150.5026441600813,25.571428571428573,3.4462838413953722,49.714285714285715,0.04672948312185805,0.062015779320627636,0.10559080658803272,0.01764500979933356,0.7326942076649049,0.04420108037935608,2.69208870496303
1198,1.0,252.4831859130724,26.714285714285715,6.838521337546014,56.857142857142854,0.15342079304381046,0.07320017869550087,0.15326685072668256,0.1258117170216326,0.09100042830762785,0.5208821209155271,3.607010832572285
1199,-1.0,179.84550095231927,15.857142857142858,4.900390440334925,39.285714285714285,0.14990089850793648,0.09688182913899522,0.31717673827140236,0.24800252216549687,0.054041105122476056,0.03348829319858841,2.8382043442126443
1200,1.5,173.29452765718273,16.571428571428573,6.305933419652074,37.857142857142854,0.09887719759569082,0.134985670517919,0.24401019271041535,0.20294925224875854,0.07730979861401177,0.251040729355381,3.3207705965298393
1201,-1.5,213.14613751216964,43.285714285714285,3.2883610336276967,91.71428571428571,0.15471620038948464,0.06531140307196638,0.2382355700181989,0.13174696267638344,0.1312365502437114,0.4666480712639577,3.5299365134088543
1202,-1.0,183.64397045777406,46.857142857142854,1.9815009901673482,86.57142857142857,0.11961957719004325,0.114836888182525,0.37770531838771443,0.029607526356083855,0.05481570257053683,0.37274459259974196,2.084164613969735
1203,-1.5,112.34427858463118,16.857142857142858,4.982129295470095,32.57142857142857,0.11480428571637377,0.02360016770810492,0.0617729229490651,0.07839958553176696,0.41626690546479633,0.4120103294974803,3.851285728671621
1204,-1.5,211.82096280531596,33.142857142857146,4.096168958701658,69.57142857142857,0.10315576777076228,0.11555085021830563,0.19100512750921256,0.21440464945411625,0.28443798518897806,0.1829764678536555,4.431014029157856
1205,0.5,182.20695567091525,19.857142857142858,5.633124448812892,46.142857142857146,0.0801963723253243,0.07033222757506949,0.09802842774790124,0.030294140410217718,0.35495190999970955,0.046348820109497035,1.4330824295548534
1206,1.5,193.88757254020464,20.285714285714285,5.147928209457288,59.285714285714285,0.13973389474271858,0.014643590694058347,0.049958803533574264,0.19905843741235657,0.09280702431877833,0.26316865199883593,3.987935274090678
1207,1.5,228.3710273846898,31.714285714285715,4.003575583581571,75.28571428571429,0.19674525937576218,0.013302475436858426,0.0853119395096731,0.05929682445438152,0.34248141148976635,0.36008521957043166,4.60279024531803
1208,-1.5,244.5610344997986,26.714285714285715,5.410669071410256,68.14285714285714,0.06824809664200794,0.01978670744368332,0.3310445010060459,0.2179534887778197,0.276356693496037,0.10385309963877383,2.398883178753362
1209,1.5,193.56769095998175,21.428571428571427,5.551536931421389,46.285714285714285,0.21529411662430958,0.07582844983280183,0.06266266504824561,0.09217686300942698,0.40446417199975626,0.24363084199864982,3.9256730314650605
1210,-0.5,115.02450269055807,20.142857142857142,3.707181812398742,41.857142857142854,0.12187831091318946,0.03440247759249195,0.1495090212998699,0.2343857056990296,0.3884844408654454,0.07776896485044867,1.6210770858806993
1211,-0.5,112.84526357355755,42.142857142857146,1.5001727837126757,82.57142857142857,0.13583195297956024,0.04176795664855943,0.11662038484964724,0.15792583921229042,0.09979874038871277,0.1916791632722285,2.397129688601263
1212,0.5,285.443964407949,17.285714285714285,8.89726156135212,53.0,0.043797108543471526,0.09998774788318786,0.2777517604208212,0.08138836143996028,0.27993863763234766,0.23767433370394608,3.266322952023504
1213,-1.0,239.72070759713765,47.42857142857143,3.029729093678726,113.42857142857143,0.15260888916569648,0.1427078972173459,0.040642853984727424,0.5058192523407564,0.10526221118944838,0.13265765072649657,4.868458061400127
1214,-1.0,108.3003625436479,17.714285714285715,4.169532885861745,35.285714285714285,0.0815119246039504,0.09338386074528263,0.19866522151941163,0.21877704399487885,0.040795521635597236,0.2766866439294624,1.6681497751739607
1215,0.0,212.50726758811416,21.857142857142858,5.9507152046629495,43.57142857142857,0.11785897483448676,0.009947802274167881,0.373775618278845,0.17355457685569406,0.06544373498463688,0.11229934375302847,3.741435433816757
1216,1.5,227.1452503936677,20.142857142857142,6.830387410227889,49.285714285714285,0.0716330372791388,0.043242611179617856,0.019366994184009948,0.04768561308899596,0.2643135438412202,0.1384755367554689,1.6972298656829214
1217,1.5,147.2200594203921,44.857142857142854,2.2290331066607076,87.42857142857143,0.19497581520314053,0.05763198820858457,0.4832093603347279,0.05458814035834154,0.03621091716384226,0.3815576543638633,2.309751402785251
1218,0.0,255.4908501461851,46.57142857142857,2.8615808792906976,134.0,0.09969023136822226,0.045347637580705424,0.13819998940856754,0.040875938293608416,0.7158749231796093,0.05874850779986271,2.9029126493282553
1219,0.0,176.48570172630636,29.428571428571427,3.8038651069438227,64.57142857142857,0.06048383476842192,0.026832026440885857,0.17366846547757708,0.15097155985654284,0.34055145684877336,0.0695939571336551,2.1429826151985614
1220,-0.5,186.72028437579812,25.285714285714285,3.521481996511651,54.714285714285715,0.13054032361990414,0.1300688264558373,0.0893464208167934,0.028338037605738924,0.09562579391268655,0.49795030138478635,4.161951500891057
1221,0.0,159.30292029626142,20.714285714285715,4.422778874684712,57.57142857142857,0.12458636781779,0.07635413785359173,0.28010255964895103,0.13268153845498898,0.10378551176950353,0.3173959590386791,1.8905213378946466
1222,-0.5,214.4318625688333,35.0,3.6844636975610547,73.28571428571429,0.10008435711117507,0.08331650666640009,0.2225563658026652,0.21585801157735868,0.1271784102840071,0.3857533848313969,4.516273481138859
1223,1.0,183.32341332485117,27.428571428571427,3.789321064477801,48.42857142857143,0.11759036413140299,0.051058658664645054,0.23386460703230108,0.24806766708211325,0.23297494194582846,0.1875625259766302,1.8422300503012399
1224,0.0,132.34231269816866,31.0,2.460457971439172,61.285714285714285,0.10321576881173321,0.06455020850526594,0.4841126642721994,0.0005152508354552256,0.054088430160611385,0.3229240862643288,1.5457422622225574
1225,0.0,95.75164951365102,21.714285714285715,2.5015006440316685,36.142857142857146,0.15092530528129638,0.0111430451432087,0.036357523126039785,0.10956792518674073,0.43167471109821315,0.22639273956163822,3.228278186676142
1226,-0.5,110.0750215407965,21.142857142857142,3.163785586376922,37.42857142857143,0.1319733446801635,0.12607406453824876,0.027215453043240984,0.19105486550781567,0.3998970175400591,0.25250648247265894,2.219083184305094
1227,0.0,134.28618149125145,27.428571428571427,3.3129504119090187,73.14285714285714,0.13240504264096614,0.018610324282612965,0.27018859991542515,0.11065029917680194,0.2937623618069015,0.2790042145237487,3.378437460101177
1228,1.5,239.95127873118125,23.285714285714285,7.906923884614567,64.71428571428571,0.12308670277245369,0.02598126341998225,0.34520470009925364,0.13497060211596587,0.13331081427194189,0.04044863068352708,2.088381125292866
1229,0.0,129.1752844977939,16.571428571428573,5.573308504392809,35.857142857142854,0.2038631441932669,0.013824687362869828,0.05035683470811651,0.10312554158878995,0.22840069474550395,0.30220357760105204,1.931652153064749
1230,-1.0,182.24816528537758,14.285714285714286,7.6590748575885295,33.42857142857143,0.09287694285431902,0.03483509379502163,0.03833975818726089,0.034735514851664255,0.5263259237483761,0.11437608651113887,4.46213690393889
1231,1.0,159.02492035144516,14.428571428571429,6.794482735199535,36.42857142857143,0.09838094363243911,0.03168536100195799,0.13217674461201842,0.0976938196919024,0.2256730444782865,0.037604092221808806,3.8658382833977485
1232,0.0,168.6920980757089,33.57142857142857,2.9259203717796463,64.85714285714286,0.11164748607811205,0.040280868356745506,0.05344502737868821,0.4345734767489856,0.1052374951793211,0.32578027587552444,3.811047088282107
1233,-0.5,145.6530788567881,25.714285714285715,3.4837623850820374,51.0,0.11200775763966016,0.043590939806326806,0.45309060503092313,0.01149710866879745,0.1893487658686861,0.2383504571579475,2.167984706799445
1234,1.0,158.13206276383815,20.142857142857142,5.1674652669543715,51.42857142857143,0.10992432247595774,0.0634669079091832,0.10891180769448122,0.5588471642267854,0.13481722904426277,0.10293151372194079,1.99742707141184
1235,0.0,128.55776160199852,30.285714285714285,3.1201738929862177,54.714285714285715,0.08080156337336651,0.03083795967423686,0.4459531093071547,0.21830891749400272,0.11015301089017183,0.06903589753342204,2.2255929623328496
1236,0.5,181.67963760101946,18.285714285714285,5.190548897555157,41.714285714285715,0.0836595453341503,0.1157704361011812,0.09988450985748412,0.26169826895857556,0.196263262799236,0.1841864317983548,2.55716906305547
1237,-1.5,183.45850721508356,22.285714285714285,6.7165272024673985,48.0,0.07328619078053279,0.05843467480661539,0.006334134355301063,0.07844664856212424,0.7526173870916797,0.06595290779206521,3.1263521128106637
1238,1.5,227.19829314793645,32.857142857142854,4.888250124856588,83.85714285714286,0.15596668571231298,0.056906767540393303,0.07526504163082127,0.06600045984754291,0.3154630497470739,0.1854358597317484,1.8081833212754632
1239,0.5,223.74033910918988,24.142857142857142,5.341050006197722,67.85714285714286,0.1199040752840881,0.09641748798321342,0.5212506417668082,0.16368348213150247,0.014170873361650321,0.22754850879781738,2.4831686582124686
1240,1.0,173.22274664851798,25.428571428571427,4.0527003764480884,68.42857142857143,0.13667720238972378,0.159144968203238,0.06897224816446586,0.40146386734350664,0.12634109221512482,0.24858901653479962,2.835968190913804
1241,-0.5,111.53196005046446,21.857142857142858,3.571743769145789,42.57142857142857,0.1377870171694693,0.10403740696273314,0.39284526627340466,0.34046965497508674,0.04581832225838045,0.015811818336804048,3.1445582782462984
1242,1.5,211.77106977783518,25.142857142857142,5.973806107229685,60.57142857142857,0.11621344784994665,0.05614567885768225,0.027091518683147544,0.1807807604133204,0.12482013691719383,0.35096816463911445,2.211436673379412
1243,0.5,232.5051616597329,19.285714285714285,5.89917319970998,46.142857142857146,0.1239654346890962,0.07338469277245262,0.19152976935052915,0.18758284359765712,0.10124536895940527,0.2842043818459285,2.239641295005673
1244,1.0,175.09795687170322,36.42857142857143,3.0929004998498737,79.14285714285714,0.1572084220197016,0.06785348743668679,0.13818921347337929,0.1640337523278418,0.10171857004752796,0.4547686665899638,2.739488046536602
1245,0.0,156.8605316866119,25.857142857142858,3.9945135297307157,54.0,0.06123615069946644,0.034831257246957376,0.3104113596710222,0.11735548920430526,0.061221851179797684,0.36767877710126373,1.658222366988709
1246,-1.0,135.45623840735863,26.857142857142858,2.5735562723591103,52.714285714285715,0.05726124278236739,0.009282945197851732,0.4108699671420639,0.15586822840828155,0.041716808111515014,0.22138452545798668,2.8946235521143198
1247,-0.5,171.59581826260643,19.428571428571427,3.982167933135476,41.57142857142857,0.06278926980280354,0.03626667551822537,0.13670718492728595,0.12850897122016447,0.19825569866390408,0.06386455294335741,3.916372092335327
1248,-1.5,147.14373842862935,22.857142857142858,4.1324848843569235,52.857142857142854,0.16175912722984517,0.015687249021995555,0.12294431285325452,0.2112716388889985,0.4003992728541429,0.07366821945080153,3.817390479193482
1249,-1.0,174.7862538412086,15.571428571428571,7.6144340589613,34.285714285714285,0.15915112727367206,0.04598497668952028,0.035208473373205096,0.12339816142272171,0.4809490482348266,0.3177635635998483,3.1028044790271183
1250,0.5,197.1007182619347,25.428571428571427,3.8752084557433824,57.57142857142857,0.09745562433218657,0.10919333446536926,0.40614829253888407,0.2301536553886044,0.12235620227292549,0.09064024254895582,2.5087947305557803
1251,-0.5,253.211517553648,19.428571428571427,8.347848473089318,60.285714285714285,0.16570653397542623,0.07622816036650552,0.1250837146101849,0.2576512002896138,0.28060260725362957,0.24426722210458351,3.650719685428663
1252,1.5,228.9495625746883,26.428571428571427,5.420110899672695,68.0,0.14529981329968517,0.04312932054245071,0.007513536041459171,0.030329849070309393,0.1203495164050679,0.554882626662229,4.516049778429913
1253,-1.5,129.76458054090227,10.428571428571429,8.52281900968097,21.571428571428573,0.13451530753855542,0.10223970685198319,0.08113329534984799,0.08918422198780182,0.4549228956293671,0.2737864533200473,4.026608928923194
1254,1.5,171.92575338697512,30.571428571428573,3.1424428934014763,61.0,0.12268161811738944,0.06296822486869076,0.21846791644840163,0.04972040507477331,0.020607069930622487,0.3080702400877662,2.3894909677811107
1255,1.0,136.04426286307356,20.428571428571427,4.101520188200525,41.857142857142854,0.052585992370111585,0.04421243848651137,0.4513136000707849,0.035907030840731054,0.08275229555683018,0.3141576586979847,1.6518180484423466
1256,0.0,122.61099722861707,9.857142857142858,7.5662448041757635,16.714285714285715,0.06962181672087714,0.009830337136780398,0.15272207244092825,0.568057163490981,0.04873861533800402,0.14720031047380946,3.8163068090464245
1257,1.5,135.52553869975932,20.142857142857142,3.863129513349797,36.42857142857143,0.08389361997382902,0.020702270523540005,0.12881254482784682,0.41488485039283074,0.14903330193032624,0.061795780214237095,2.8359568218735127
1258,0.0,180.56468573133787,30.0,3.688400649804719,68.28571428571429,0.1070285590158905,0.01775478053360787,0.11306520728439727,0.24961865455233592,0.3052443362317315,0.04429138434694629,2.9609229196326097
1259,1.0,198.42835276634088,33.57142857142857,3.799877280565509,81.28571428571429,0.14203791914315328,0.11798189552083688,0.07866746207213592,0.1565603793190769,0.07867271309485042,0.33605492040637003,2.2958156239641605
1260,-0.5,223.94000485383023,37.285714285714285,3.0519119212305155,90.14285714285714,0.1417551477717645,0.09238520274646585,0.5708698808144489,0.07549739188352643,0.23051018793663922,0.1003635970844093,2.73640002472043
1261,-1.0,169.3880455042751,23.285714285714285,5.066926870004417,51.0,0.08614702590314255,0.1423439137600083,0.35439036993430334,0.13567428950202767,0.12576108490778393,0.1492307298536394,3.7926647592779488
1262,0.0,110.8421158647016,27.571428571428573,2.2723279924339,43.714285714285715,0.07734539817313471,0.18575844038414002,0.06292531366281795,0.13593470249927805,0.35154709338404216,0.16354619327822753,1.4980631966595794
1263,-1.0,192.65849409999848,15.285714285714286,8.004515468181781,32.57142857142857,0.1624510348773142,0.15944997297242594,0.19000665149905382,0.3326712746416601,0.2059177660942626,0.20500286843365478,2.9517406690477768
1264,1.0,155.4278436245812,19.0,5.557792924738083,36.857142857142854,0.09966677079322298,0.03383146728274075,0.20890585270522302,0.07728135826911911,0.2029262153871376,0.32952011669050196,1.9197063961016116
1265,1.5,230.85697403139298,26.571428571428573,5.660105158353133,62.285714285714285,0.1144100935874237,0.04579888880077106,0.33798174283413746,0.09502430082420943,0.1291898137449334,0.046122001871821375,4.519662916337719
1266,-1.5,143.3500989261222,24.285714285714285,3.970835493204397,52.714285714285715,0.18878728843309533,0.04640317944586155,0.08849234496633986,0.07768674139873762,0.5095636662734011,0.14402053122621664,1.525517461168581
1267,-1.0,272.64576695841487,28.285714285714285,6.008576001916968,66.28571428571429,0.09658306903393611,0.05466579433272055,0.18219612413490166,0.2867381481197134,0.3273097891827083,0.13766315676493,2.82028136184036
1268,1.0,162.10991324846373,35.857142857142854,2.8132955438867016,74.14285714285714,0.10245126780507761,0.0453125556278801,0.19045607081395785,0.1359057880516576,0.29723492453020756,0.23985469569330747,3.2945232395337376
1269,0.5,155.67378703881442,21.571428571428573,5.4143960436087095,41.0,0.11625208972447904,0.17115187411586058,0.2103015382817781,0.2309748986292687,0.3739784842512695,0.09004305472386184,2.8532242248668385
1270,0.5,166.11347979810924,19.714285714285715,5.260622201959748,45.142857142857146,0.0570986632910961,0.021537538161386642,0.3102806174747123,0.17550692547055508,0.06565680420715382,0.07552003907969783,2.5570416510359895
1271,-1.5,136.06941270534261,16.0,4.693749603911721,33.0,0.09710234353347291,0.03608111119191498,0.13815928080551546,0.2491161915643355,0.23771225557868358,0.345371720870928,2.1970674315774215
1272,1.5,129.67051895887303,22.0,3.991179524881506,38.142857142857146,0.08133266921128568,0.02069770693829061,0.2780409700792496,0.22696195048255102,0.2636683250651237,0.20705130254129062,4.112699496619435
1273,0.0,277.45492109983536,23.857142857142858,7.346291516622526,70.0,0.11849864069385135,0.039983753126786106,0.23388058171003087,0.09997477445420497,0.02384389912623102,0.09611847235354053,4.549920261741045
1274,0.0,118.95662249090005,15.714285714285714,4.246941440806916,27.285714285714285,0.1318304459643141,0.05989578289114273,0.16742042075597804,0.17265867940288498,0.17363579858617356,0.18001477677348984,2.5871466739021356
1275,-0.5,168.3724755561827,36.285714285714285,3.1752565279514346,79.85714285714286,0.13038098786214794,0.058243178298116406,0.2841135442731656,0.15738342667716534,0.17983199939625402,0.17175377934469402,3.1350868652480375
1276,0.5,149.36366961147172,17.714285714285715,5.007141299068608,42.42857142857143,0.01658174409433851,0.03292714292399139,0.4291777634155364,0.11477288222543205,0.25997170491235183,0.15295661453755943,1.413593765582893
1277,1.0,212.03526723429042,37.0,3.5052090188401612,90.85714285714286,0.093942522288867,0.03544048589891237,0.1643867360033792,0.07426081135309069,0.3811720323965217,0.2683222932362703,4.1594223342465515
1278,1.0,125.29834136722282,14.714285714285714,5.786691012747384,29.285714285714285,0.05576619975702657,0.051794330480867526,0.03358105570986956,0.5033080130741024,0.2148709546227719,0.14270720897099543,1.467915857826119
1279,0.0,120.1808735214331,27.142857142857142,2.743811291069524,55.714285714285715,0.13540203473783968,0.043596769878212246,0.05075268437495167,0.3105898413391804,0.21906191397184951,0.39113524949277156,2.358680790210845
1280,1.0,210.8737343467818,21.285714285714285,5.842832638101681,48.57142857142857,0.13296191338002783,0.038244786531986256,0.15684062992566988,0.0691282992821237,0.056015173449777515,0.2960562483629138,3.3479070381538585
1281,0.0,126.23235793858261,14.142857142857142,6.03954755465932,26.571428571428573,0.0952786352966694,0.05860429477057854,0.20625630425575123,0.17126312381208847,0.4028257594090207,0.15617639499329153,2.054576748443681
1282,1.0,125.83285968712549,18.285714285714285,4.5932414782356705,37.57142857142857,0.15308238016655118,0.06208069369177187,0.17553335789711827,0.06417385550251062,0.3610964177896988,0.1210863689857567,3.625704977522379
1283,1.0,186.66895464465344,22.428571428571427,5.442867413264242,51.42857142857143,0.1065714495253026,0.0504872549125611,0.06360925958865926,0.18357747314831724,0.25330982674524294,0.4204233466462352,4.269007033413968
1284,-0.5,230.37083646354844,32.142857142857146,4.783279936241712,93.42857142857143,0.11858221106667188,0.040963764768717666,0.05363283739257949,0.1010904104633957,0.28007103504170294,0.18209605270824733,4.418929186859421
1285,-0.5,227.7180713555663,29.428571428571427,3.9117244694332225,70.42857142857143,0.11015826913614034,0.04423516695076846,0.024924815659336456,0.007180208368824863,0.054773377007274075,0.7068693127394069,3.313011575290159
1286,1.0,171.94080121723167,18.714285714285715,6.689252056328171,35.142857142857146,0.17491428885354832,0.004719317114557864,0.045631741989304725,0.1350045487165604,0.4962188811425806,0.24599458523565587,1.5511926501085234
1287,-0.5,249.32408502334025,30.571428571428573,5.232951734472428,75.28571428571429,0.16450695407711893,0.06862054942162583,0.016042768393252464,0.19897995994005774,0.3763601205201679,0.15503928479327508,3.104853895858212
1288,-1.0,179.92531752580445,24.428571428571427,4.30466302416935,45.57142857142857,0.06925085175070425,0.013144674469864016,0.19836006336915413,0.12571999322931576,0.24267572054033176,0.1091418584089884,4.184393479422422
1289,-0.5,119.73938325185819,22.571428571428573,2.8073245748440083,43.714285714285715,0.19325346015260508,0.07533715108935543,0.12411622151849,0.49266543770693066,0.16116551540954094,0.07002733801073316,1.7645230408526404
1290,0.0,160.81155974634203,23.285714285714285,5.556664067140151,49.57142857142857,0.07926760482100118,0.026673289239032883,0.010574240570522376,0.5139029187832395,0.10756484864387114,0.27968052626623696,2.9152353624963276
1291,0.0,167.41916366388253,21.142857142857142,4.6049352708017,48.42857142857143,0.07749779337345837,0.04995771862746278,0.21616329806449144,0.0,0.18463154978525093,0.2809229782025628,1.820037432100029
1292,-1.0,229.3139162412545,27.428571428571427,4.5572793011565285,63.57142857142857,0.12466826482740999,0.09288847895466167,0.3620280788416351,0.15579072346231454,0.05834059187684266,0.11168906275145221,4.2449978657798235
1293,0.0,258.5490182821309,19.571428571428573,8.962686625007581,50.0,0.09540933838098378,0.013047003369030525,0.3402967163236682,0.04921235856281741,0.21952319134642817,0.24913492130930406,3.047666472822902
1294,0.5,154.65640161709743,20.857142857142858,3.6163819962166808,49.142857142857146,0.08866434035565156,0.09226879439661925,0.27371422245418603,0.007318585484614294,0.13318959057454427,0.4445289023876788,2.467425468692851
1295,0.0,265.32943364257284,19.857142857142858,7.557675247863012,50.42857142857143,0.2201926298412574,0.0791594821044262,0.0062442302254762955,0.4086124320713086,0.42386294852320333,0.11661550083390898,2.1527709558983625
1296,-0.5,208.66504566789058,23.0,5.402478388516113,59.857142857142854,0.22225557272161123,0.14060460098063185,0.5683779722747441,0.005150768118600857,0.31936078851104743,0.05690345990289184,2.554612910530682
1297,1.0,150.07403414471793,25.714285714285715,3.500361447236772,57.42857142857143,0.07298421901159809,0.07765032426561438,0.1426606881180564,0.2884309202853943,0.13472593570218955,0.36589217884189357,1.8367037430436595
1298,-0.5,125.14356740412761,24.714285714285715,3.3727971908311587,42.285714285714285,0.0732187376587921,0.055981196040529924,0.23996755215069404,0.09378634884703581,0.03336888359973308,0.11360082827864071,1.8903630203081794
1299,-1.0,277.1015555324729,26.0,6.629433185576305,60.714285714285715,0.14455162589986834,0.09645030050347173,0.18050079607295907,0.07285046912456225,0.18047736577483567,0.16007501813315522,4.153573247267646
1300,-1.5,133.15965840935482,47.42857142857143,1.831582801307908,104.0,0.05740603920587229,0.04266531030500045,0.0528530520053755,0.3243702397855572,0.4497532804833409,0.048439560839011166,2.2060982925512214
1301,1.0,113.12555134907068,18.571428571428573,4.401847219580514,36.57142857142857,0.12388151011524169,0.03225536913907129,0.05127017988508014,0.18133024701324352,0.4592707314463534,0.13960406711583395,3.044459271647021
1302,1.5,209.76073922628052,23.571428571428573,4.865544691262553,66.0,0.07703686115327991,0.051775714070283134,0.07027607300955074,0.1745396641659277,0.1803959257836265,0.11863870416114536,2.8883519565168507
1303,1.5,212.4505664408668,37.0,3.1738307474113103,88.14285714285714,0.14347998129392595,0.13800853292840387,0.06247430156555864,0.25130058370750513,0.17881580093654922,0.06317721683493067,2.4412343012235844
1304,1.0,180.5279295151088,35.57142857142857,3.0309677859269786,74.14285714285714,0.10610058012837187,0.07097833511171828,0.1298552542256317,0.0634897666032794,0.2367813234692852,0.2827490580350262,3.7286114945928226
1305,1.0,193.89269054575624,20.714285714285715,5.453945188920819,43.857142857142854,0.13934458400170724,0.17927812957762163,0.10759956235495129,0.2143215979293615,0.6039808593567706,0.06302204608513105,3.8521285923981856
1306,1.0,155.3604410496398,26.571428571428573,2.9898348706717384,58.0,0.050338363186555594,0.15168204381217493,0.21095234213413708,0.12304607687607153,0.5153385735683487,0.04517305631357331,2.0846824456646065
1307,1.0,161.4131592640286,27.285714285714285,4.334255124906728,56.42857142857143,0.11375229909206507,0.023403702470539765,0.14952567425218868,0.09465446899273722,0.0429114843170267,0.5352238870176788,4.124732574462314
1308,1.5,110.394306767244,12.714285714285714,5.169656878253085,30.285714285714285,0.06174687739783837,0.07359869639260967,0.3195881602564423,0.21303529530524898,0.019763040395700166,0.07326067912505857,1.4802305414685477
1309,-0.5,110.68840172359513,17.0,4.164657239909063,35.57142857142857,0.03495304844914869,0.09187187774768572,0.10901866254400504,0.04311987190783532,0.15706887961835367,0.30825592993897827,2.541871967691546
1310,0.0,173.20399625095175,22.428571428571427,4.500343198335301,49.42857142857143,0.1172110620490263,0.006124378884697826,0.08370592998119367,0.17005280753392601,0.08987503055478074,0.626580541374288,3.7649528529193144
1311,1.5,118.62030450773052,13.428571428571429,5.268319470716609,27.428571428571427,0.11616760928112188,0.04609450217633363,0.31658498191964746,0.1071600432574143,0.051264765231821906,0.34690174370546073,1.1950185997697962
1312,1.0,382.20336920463575,39.42857142857143,5.909667830543341,106.14285714285714,0.18354734049634364,0.04353029037613431,0.4647346624978866,0.03757546083832294,0.0654930066800596,0.41095371312713147,4.709669809068421
1313,0.0,183.72703725561487,18.857142857142858,6.3106428303855875,42.0,0.05541216922620224,0.14510258089473288,0.3092489545067706,0.2249636190531493,0.18392223439935657,0.2061984692260747,1.9465726775346792
1314,0.0,212.3269884103842,17.571428571428573,7.02134356962877,38.57142857142857,0.08335218293611342,0.06852095748512704,0.09037758892674724,0.2842482563167334,0.5534522404605686,0.007074297398106344,4.148787216388278
1315,0.5,189.26678574264062,20.142857142857142,6.192317831327401,45.42857142857143,0.1323145153047988,0.03863171841259276,0.07929425547714587,0.05641600427192424,0.27682238761609973,0.44676988117084515,2.239283934464119
1316,1.5,175.23596784801643,17.142857142857142,7.0992590279803105,44.0,0.10310581602627837,0.10230241378448779,0.39710991252476535,0.024493929530968725,0.297599667597366,0.21629948723996464,2.5299646410029926
1317,0.0,275.9718224084196,29.0,6.168299404911795,81.71428571428571,0.11259747018587041,0.12928748438382437,0.24518239591989502,0.21982808241809287,0.33232829876344155,0.10992824446837611,3.1984426491022635
1318,-0.5,170.6470810286715,17.0,6.748268240649332,34.857142857142854,0.1913833399441849,0.03440094733291893,0.15718906433282284,0.19304411507594865,0.15367005106831783,0.26820768032548753,3.29673316383658
1319,1.5,165.1154264275405,26.428571428571427,4.063448856372053,62.142857142857146,0.08491877391531873,0.0454099480315896,0.017264011130503496,0.3384424553096448,0.18218388066192012,0.05241980808426205,2.081762971801985
1320,-0.5,376.46083403297365,34.42857142857143,6.589355958872018,113.14285714285714,0.13626295226922958,0.031235449790929407,0.04591204201369817,0.3566665833304136,0.07740614499718469,0.06204698360423821,4.646073282754456
1321,0.0,239.84548160970638,22.0,5.946343079953855,60.42857142857143,0.11110187057583586,0.06075055629271561,0.08086723790008526,0.21430380004759242,0.31411665617431617,0.3037869051582579,3.1002514553473883
1322,-0.5,217.80619946199707,30.428571428571427,4.37250297439903,74.85714285714286,0.0876626363336913,0.08615833311360517,0.1460968142243698,0.10295551966924966,0.5289228582318533,0.1396310743250527,2.0748891899043356
1323,1.0,120.24070522735894,24.428571428571427,3.0574150970670804,45.285714285714285,0.04188659564986073,0.061749325606764466,0.5426370628447775,0.2405410807550064,0.022618646658808868,0.130059888161742,1.3913785901543618
1324,0.0,175.71387586605607,17.714285714285715,5.956003231184434,38.57142857142857,0.07081752784540732,0.027508311642456474,0.22173717451883168,0.26641583392047574,0.056904267953967275,0.11392647145559769,3.8971801210762473
1325,0.0,157.19587790750165,30.571428571428573,3.640724313532152,63.142857142857146,0.1288916212920475,0.05887404595039646,0.1261565878228089,0.2018832985867979,0.24375147725704094,0.19805367818370936,3.1576545221610894
1326,-0.5,125.5369661737685,25.571428571428573,2.67983001299055,50.0,0.07933196581852943,0.08836421701289324,0.0336685439131853,0.2720629008445625,0.17904709667959565,0.31273712606928383,2.3278141685321314
1327,0.0,137.12621618935108,24.285714285714285,3.392399618515782,47.714285714285715,0.12547801523520255,0.024026596265475587,0.19038333158693949,0.10839541805020762,0.1748245799574318,0.28863534084571135,4.446678362923966
1328,-1.0,131.7521655602578,30.285714285714285,2.461347092347856,65.57142857142857,0.12840155240785914,0.09205015802162154,0.051245598134349965,0.30839844374080155,0.34094391063707247,0.1311705517020067,1.816396050452333
1329,0.5,239.06191161136357,15.571428571428571,7.6172955059324705,40.714285714285715,0.07643934886965784,0.06749252569491732,0.03171128884397624,0.1479532013396192,0.4448041370405231,0.21093018088973045,3.4484139301947767
1330,-0.5,167.93003854815638,19.142857142857142,5.68715871752242,46.714285714285715,0.07760247996384499,0.0446516103014882,0.19740394163567387,0.3751871622013034,0.23934855412063388,0.026947717769129798,2.447310866958849
1331,-1.0,175.92834950074544,32.0,2.7738956104265364,74.57142857142857,0.1810870043379015,0.01891452907568949,0.28526253286276515,0.49147787646742713,0.023280861681979962,0.03555290189119493,1.7549424420606166
1332,0.5,160.39108506709997,20.857142857142858,4.490876038094987,56.285714285714285,0.04158696278764238,0.03563651655184307,0.390544150427133,0.1772694974541978,0.241153952478883,0.14094737927703144,2.9322837703417792
1333,-1.0,98.56940809847292,12.142857142857142,5.191049957248447,25.571428571428573,0.14016577074021025,0.09829546345558299,0.11547653492045958,0.1642524185711952,0.37532865742920074,0.10556934615050147,1.2698635937419718
1334,-1.0,197.7031618113759,29.0,4.30018054369919,49.857142857142854,0.08842469758323646,0.07321475586010459,0.14220476576947183,0.31574455434020154,0.03578166172490888,0.26316073213584273,2.497990332520307
1335,-0.5,194.2240125685026,35.57142857142857,3.5899070717751815,77.42857142857143,0.1430609373406355,0.0618007591765661,0.18655436268376463,0.19750468267825952,0.3706530113840211,0.22948854259671905,2.3669157718393983
1336,1.5,182.23633819030283,15.285714285714286,5.664508441808336,35.285714285714285,0.1183500226030432,0.06608907824875251,0.2211609817109385,0.06267758779622962,0.31041437750153655,0.4057470529912953,3.2372479015000564
1337,-1.5,177.00425144973852,30.142857142857142,3.7563008964825504,66.85714285714286,0.14713130756417836,0.07036791031411528,0.06884517522505167,0.11139510939516845,0.24908158563103724,0.13473314004234316,1.9334883828438532
1338,1.0,370.65154588335525,33.57142857142857,6.801712875647027,106.28571428571429,0.1606701791078138,0.06866682121918795,0.2874274215280311,0.020394359231685515,0.11564355257493052,0.3295567675555696,3.5808649825602084
1339,0.0,122.67467465825914,20.0,3.080454303537709,45.714285714285715,0.09883724049283187,0.07921436559928607,0.04290224512271042,0.21572128705021137,0.283493044003229,0.24223638658168084,2.842124363194986
1340,0.0,219.1267976181044,20.857142857142858,6.902434780054772,46.714285714285715,0.11375303002133438,0.10046130854768921,0.4383995751421184,0.2226027791296424,0.013389279560905094,0.11496984375505744,4.543999014034311
1341,1.0,183.1832957645673,16.714285714285715,6.925431503318428,45.42857142857143,0.14431447117620158,0.09150036110667657,0.14850894089437602,0.04231547082891568,0.11997961653038242,0.45337756892195114,3.2825462230441067
1342,1.5,216.31123195010605,20.285714285714285,6.711136855057251,39.142857142857146,0.12372427902181385,0.059481688499608346,0.2465932902992174,0.22575752365177265,0.32663573916309074,0.1895838545860077,3.3095543061397588
1343,0.5,169.69984215216323,24.857142857142858,4.706332600296538,62.285714285714285,0.09759370996389627,0.036883057683890344,0.0528321384456181,0.16615089704361463,0.1863099070918294,0.18911162110650984,2.730067740793622
1344,0.5,157.54501147850462,22.571428571428573,4.866681615577731,55.42857142857143,0.13755677465173613,0.09556785893106556,0.05428777398749349,0.08868956484007395,0.25658580286986127,0.5261747373855551,3.8085953548392877
1345,-1.5,156.5025082498489,36.285714285714285,2.7298256400356715,71.57142857142857,0.0624456425049735,0.1285795332840805,0.1991543072298,0.09323487023437242,0.37474842189912577,0.0841595232243126,4.1586745799050835
1346,-1.5,166.45861385390762,17.714285714285715,5.066901867243747,41.714285714285715,0.06722744524741868,0.034638935997340525,0.2502210422506466,0.21384769335281661,0.15747553029996628,0.32118614828975567,2.259876433320964
1347,1.0,159.83178816927992,26.571428571428573,2.9362284006224284,52.42857142857143,0.10304894040236807,0.00247712170563655,0.31993211847361314,0.13885966400511376,0.20758324267884534,0.3103198801460555,3.3532235417983034
1348,-1.5,183.67032346055493,28.428571428571427,3.7456382122856886,74.71428571428571,0.13770718826612474,0.04189497411307561,0.1447771801281626,0.22531025282828748,0.10088464947578377,0.28472355359704427,3.6385957325342173
1349,-1.5,113.29646603279203,17.142857142857142,3.6113328570671044,33.857142857142854,0.1502542787425177,0.07967736917733627,0.15778888844024774,0.08255820065511586,0.44274382739120105,0.007752587593518421,2.4556914244810066
1350,-1.0,149.64315703281176,16.571428571428573,5.328390721267784,38.57142857142857,0.11582926889830027,0.09358980419769808,0.29089859692052517,0.011269457562167197,0.5095436016519393,0.08661030596874883,1.7910015895728735
1351,1.0,208.37288357600852,20.142857142857142,8.23546900517622,48.285714285714285,0.13652450624669554,0.0858317224467277,0.30377556954679746,0.4174194109375231,0.05320909923626117,0.09842122755244503,3.201035382495179
1352,1.5,203.06065522517056,20.285714285714285,5.980623333345731,49.142857142857146,0.22327084764120386,0.1543673655157658,0.05416935525936796,0.3269078474029351,0.29311991159540046,0.11771202304406028,3.769200134456242
1353,-0.5,135.8122389790945,27.285714285714285,2.748467236559361,54.57142857142857,0.10910826164393636,0.01912430641182066,0.08671990007959414,0.2042223199959596,0.4319867294738351,0.2145597976716985,2.6661607840885804
1354,-1.5,201.15693215698707,18.571428571428573,6.769967606319879,50.714285714285715,0.14324010698349726,0.040485053329352226,0.09846143756606672,0.08614114099313198,0.17874319985701423,0.13879315918573074,4.2446875797522186
1355,-1.5,102.99418316545993,14.142857142857142,4.347010742342291,23.142857142857142,0.06297774243670244,0.1741563811692851,0.06424464342754993,0.36719599048404256,0.10783583285973895,0.2535209567443557,1.6851434513888308
1356,-1.0,150.17917443279947,16.714285714285715,5.763549547844689,34.0,0.1178445472757433,0.03120204880049112,0.02050561977616291,0.18459160522318915,0.3431801195501918,0.3683152545001026,2.358348266729045
1357,-1.0,209.10937192867684,38.285714285714285,3.3827039613317593,88.85714285714286,0.12198905202792129,0.055458388052386766,0.23799112793877092,0.14366889178121547,0.09536490853226438,0.18726630964378324,3.666187086034426
1358,0.5,146.02163958990783,25.714285714285715,3.5216999091186296,56.714285714285715,0.06355400076330446,0.24275744644383482,0.17539573209300768,0.05068576999995041,0.21965783321634563,0.04977265211203561,1.8099472480141148
1359,1.5,210.66356821552,20.0,7.311240905175742,48.714285714285715,0.09263996501448471,0.03339382381003448,0.0866453063952841,0.2850098393594993,0.04533179455897381,0.3341757027653889,3.077272011678383
1360,0.5,236.05130564556762,40.57142857142857,3.587159290531364,113.71428571428571,0.17131142759297546,0.06840540075562973,0.04963662165420025,0.038318796420585687,0.22505864688419205,0.30790775123391345,3.977418500098923
1361,-1.5,250.0430315394945,21.857142857142858,5.8086220511096815,53.0,0.14998862604797414,0.04784450294848571,0.11627352013715005,0.19493316978651434,0.47142223643575326,0.07938075208241448,2.817329738166473
1362,-1.0,153.54589426971003,39.42857142857143,2.0138217828312595,77.0,0.12646333321988046,0.10011546203291084,0.44734644639203064,0.019550712314440576,0.28295219437964164,0.15362794780358974,2.53703155003943
1363,0.5,170.12775661150198,20.0,4.464859629501213,51.57142857142857,0.07312536480110286,0.06813660837733806,0.43597806413738477,0.2752203832780277,0.05782935953441719,0.0184857196592933,1.4463659815140997
1364,-0.5,108.8869686713916,17.428571428571427,3.558642496197874,34.857142857142854,0.08983526622699105,0.09038201542201953,0.07958333488618803,0.07392782251389682,0.4737339447406635,0.25661646206781624,1.9258889213505699
1365,1.0,139.96978502067336,22.142857142857142,3.5166717156195775,41.42857142857143,0.07715803133759656,0.07509952355504079,0.014895226583314358,0.3062641092143411,0.1542649397686211,0.048291548970722964,2.697001704209227
1366,0.5,253.14784517104565,18.285714285714285,7.370707412306511,43.0,0.13863881626787464,0.06339860567414332,0.4541383372564151,0.1030527742246394,0.270880561575325,0.13673483637354453,4.657486063262038
1367,-1.0,147.11114726709746,27.0,4.101999748468482,52.714285714285715,0.06067178805810948,0.11605885865717293,0.3553766060130049,0.040931149650018504,0.08601647777744915,0.020632575696439295,3.0177204500150507
1368,0.5,171.9437603635467,21.428571428571427,5.561752685192134,56.142857142857146,0.13887439889213352,0.052826501544846624,0.4247353139486969,0.02590687937685834,0.30483570651786845,0.07318342973959151,2.9743891149219532
1369,-1.0,215.95646436346053,36.857142857142854,3.219444555169292,91.71428571428571,0.11166275687666778,0.08054400390296992,0.6176259818403026,0.031223768761656147,0.04764709973684079,0.19382122656135325,4.407271392397401
1370,0.5,202.72799660876487,23.857142857142858,5.611931140918746,52.57142857142857,0.2090549447343539,0.05605714050046622,0.2304583443351373,0.2672835150940407,0.16140437453100673,0.06848117252129571,4.771639645895997
1371,1.5,247.92736336730394,24.285714285714285,6.225833926225916,67.0,0.07860045885851182,0.04168923751074723,0.18709195720133684,0.3528902740020204,0.015197120146079095,0.13301237321007986,3.474638201621859
1372,1.0,248.43844800811476,31.857142857142858,4.790757136302625,77.14285714285714,0.13097830619047188,0.11393585146649012,0.19340156353270982,0.25527396769256205,0.031785884134363444,0.2996978043209793,3.5482804277742597
1373,1.5,193.30011921492897,27.142857142857142,5.022618510040946,60.57142857142857,0.1693324356525828,0.03436785988033769,0.2804481470850453,0.10519281870235965,0.12990044444743543,0.040195234952128865,4.545524368037102
1374,1.5,172.98054120922666,26.428571428571427,3.7002452640581454,55.0,0.07269981230578122,0.09870949698333412,0.07142776625705423,0.3088799186506725,0.43500647070126797,0.10114831584489378,2.2946585746909385
1375,0.0,272.5622198889936,21.714285714285715,5.359395678527604,60.142857142857146,0.11938974817932747,0.056410548582742304,0.31067273273417473,0.08920575552695494,0.46202802724974823,0.07931329782706356,3.6629922150164482
1376,1.5,179.68239027189034,16.714285714285715,6.706214142568492,38.142857142857146,0.08641566256602763,0.049712644825714324,0.1727077346784204,0.18354929597657868,0.520298382191496,0.005511889174328599,2.990941106815164
1377,-0.5,187.44014294776542,11.285714285714286,10.501306120299642,32.57142857142857,0.09725501117732287,0.01581028961607239,0.2670748287627869,0.22927939248560333,0.11287401126437074,0.26645282401202824,2.874345468196939
1378,-0.5,214.12904255441202,42.42857142857143,2.864984075096257,88.42857142857143,0.1259743076457848,0.036632361078911636,0.2530070374311243,0.32949600508884364,0.18440350905702949,0.047355022421919045,2.2026300355956434
1379,-1.0,179.88555820767527,26.857142857142858,4.414497349708727,55.57142857142857,0.06948485303997655,0.09395133068403062,0.001568430487940882,0.062386417421303596,0.223519727726931,0.44908347853721076,1.8969787749092235
1380,0.0,164.78713737057362,18.714285714285715,5.790909734548943,40.857142857142854,0.0815733024949258,0.08052025054606203,0.10039062023299081,0.05149829859312467,0.08844433013159242,0.5207787472714972,2.767369961781089
1381,1.5,196.43884967089548,23.428571428571427,5.638194120593509,49.285714285714285,0.0875220308919223,0.03888305264393182,0.4492127139820017,0.017772565602709813,0.437643190471384,0.044300814070747194,4.191103889369771
1382,0.5,256.6772807433912,21.714285714285715,7.9328172229845375,55.0,0.1126857423067015,0.041950355026121496,0.2149080476234672,0.2883327807876906,0.07187419379576308,0.20325317769826468,2.8452112816576807
1383,1.5,251.44176401716712,37.857142857142854,3.926029433106518,77.14285714285714,0.10208809757250806,0.06665533703989654,0.11854319383222313,0.15621585373519623,0.27228312086352324,0.14932452512030897,3.263561949407536
1384,-0.5,257.45596054817764,26.714285714285715,3.4972887844663405,71.71428571428571,0.10078496544283927,0.08888830375149605,0.4241207083823577,0.06392239003804479,0.1410438812406411,0.1793703387704023,3.2519355839893413
1385,-1.5,170.465361245737,20.571428571428573,4.265765447277337,49.0,0.033646258910590976,0.005284893128064194,0.08772828678733516,0.22559674317172174,0.09000926262456355,0.31534881843192797,4.491755716338098
1386,-1.5,124.01836691538503,23.0,2.736586167413822,49.714285714285715,0.06313055108784806,0.0968942964603103,0.10369757840084863,0.23674412321319482,0.07186369236485761,0.13028056382682437,1.830962836019968
1387,-0.5,161.69364346385996,31.0,3.56702635572085,62.0,0.09641576587121632,0.038141815527323965,0.2996985458963621,0.07995580063861492,0.4433029567505531,0.1198487388988074,2.3842507979230927
1388,1.5,144.13490788931085,30.285714285714285,2.8396370082717075,62.857142857142854,0.12573592979295653,0.1473702672237377,0.16277171772787663,0.034266127081572915,0.02839008826420957,0.5875294082433177,3.668223647117152
1389,0.5,164.5524917531432,21.142857142857142,4.314932502661826,46.142857142857146,0.09938161719240815,0.0873747796182423,0.2743319490117635,0.22743232764481752,0.44048170630104544,0.027823827040743706,3.4656000607187343
1390,-0.5,94.25422859319893,20.428571428571427,3.425476478562003,34.57142857142857,0.09744668434811311,0.033456623726275087,0.1677351257336483,0.1838904216844735,0.16251784797332078,0.2276809870520326,3.5482219984955785
1391,-0.5,235.37570461216782,24.142857142857142,5.949230130395592,73.71428571428571,0.11913418707203481,0.039356912185425016,0.29393932069719264,0.13606334497880024,0.2900390631293012,0.049105431917760345,4.566562820986169
1392,0.0,186.41334183492512,19.428571428571427,4.773365796169324,54.0,0.18408711835778416,0.03220280332061874,0.30572398734120115,0.37015674906310503,0.06189474055099966,0.02786325251520173,4.472500842208371
1393,-1.5,176.07459507686832,27.571428571428573,4.149806940779504,54.285714285714285,0.1360702099766944,0.04975043346831843,0.08242547285362868,0.12286917606285452,0.6076854763567914,0.11181966891589029,2.5386233475483078
1394,-1.5,176.17989593090832,20.714285714285715,5.369659109217421,39.142857142857146,0.19174518911917865,0.052408390012792426,0.05765172656766497,0.7174960067475123,0.1477475426093794,0.054015549405263874,3.7524245782342285
1395,0.5,165.78353511635902,15.714285714285714,7.092831223155055,35.42857142857143,0.07028927084646061,0.061733721145658484,0.19154620530593783,0.5479242106028467,0.05268194179820385,0.11410432118252652,3.3618571024333685
1396,1.5,168.48797064798438,29.714285714285715,3.4993772358965556,60.57142857142857,0.1275328166198487,0.12064316966082474,0.132739252390227,0.20626584619873295,0.25393761674394094,0.2747693047462028,3.515652609646914
1397,-1.0,170.6595177198768,20.428571428571427,5.290568393343921,48.57142857142857,0.18268146989161568,0.14939629289452655,0.08198726153486369,0.21477241768104052,0.5126692284476244,0.06613220114873557,2.6960107813560383
1398,0.5,280.0405826646375,28.0,6.49622172513563,70.85714285714286,0.10874521176633627,0.026057847206728636,0.574493359362786,0.21587872507510392,0.10162723005341749,0.1047782333509219,3.9951071054373712
1399,0.0,155.25416010827536,17.857142857142858,4.782124372911525,39.0,0.11957985869199378,0.007503573553826796,0.2487301988307189,0.1479026863115439,0.2543440208661919,0.24180559905533136,2.340513922522816
1400,1.5,136.5468169254077,14.142857142857142,5.770020497190006,24.285714285714285,0.06708026654115093,0.1486903905279009,0.40116226908996155,0.17420913943746708,0.09063576794072278,0.23180376624874902,2.3013526825545534
